Date;Capacite effacement min (MW);Capacite effacement moy (MW);Capacite effacement max (MW);Pmax effacee (MW)
31/12/2016;666.0;666.0;666.0;0.0
30/12/2016;690.0;831.5;1039.0;0.0
29/12/2016;690.0;1371.75;2054.0;17.0
28/12/2016;690.0;700.0;705.0;0.0
27/12/2016;690.0;700.0;705.0;0.0
26/12/2016;695.0;705.0;710.0;11.0
25/12/2016;685.0;685.0;685.0;0.0
24/12/2016;685.0;685.0;685.0;0.0
23/12/2016;709.0;719.0;724.0;0.0
22/12/2016;716.0;726.0;731.0;11.0
21/12/2016;716.0;725.375;731.0;3.0
20/12/2016;716.0;891.0;1134.0;0.0
19/12/2016;689.0;831.625;1041.0;19.0
18/12/2016;591.0;591.0;591.0;0.0
17/12/2016;601.0;601.0;601.0;0.0
16/12/2016;672.0;682.0;687.0;19.0
15/12/2016;665.0;738.125;870.0;0.0
14/12/2016;665.0;1311.66666667;1939.0;0.0
13/12/2016;665.0;1306.29166667;1939.0;0.0
12/12/2016;667.0;1058.04166667;1412.0;0.0
11/12/2016;644.0;644.0;644.0;0.0
10/12/2016;644.0;644.0;644.0;2.0
09/12/2016;653.0;663.0;668.0;0.0
08/12/2016;653.0;663.375;670.0;0.0
07/12/2016;641.0;1214.54166667;1752.0;0.0
06/12/2016;641.0;998.625;1424.0;0.0
05/12/2016;651.0;661.0;666.0;26.0
04/12/2016;619.0;619.0;619.0;0.0
03/12/2016;619.0;619.0;619.0;0.0
02/12/2016;697.0;704.333333333;708.0;43.0
01/12/2016;699.0;1236.875;1829.0;257.0
30/11/2016;649.0;1328.08333333;2009.0;343.0
29/11/2016;641.0;721.166666667;849.0;0.0
28/11/2016;616.0;637.916666667;665.0;0.0
27/11/2016;614.0;614.0;614.0;0.0
26/11/2016;614.0;614.0;614.0;0.0
25/11/2016;678.0;685.333333333;689.0;0.0
24/11/2016;658.0;665.333333333;669.0;0.0
23/11/2016;655.0;748.708333333;890.0;23.0
22/11/2016;720.0;1367.20833333;2004.0;0.0
21/11/2016;655.0;662.333333333;666.0;0.0
20/11/2016;568.0;568.0;568.0;0.0
19/11/2016;578.0;578.0;578.0;0.0
18/11/2016;640.0;647.333333333;651.0;13.0
17/11/2016;640.0;647.333333333;651.0;17.0
16/11/2016;643.0;650.333333333;654.0;12.0
15/11/2016;658.0;694.708333333;716.0;58.0
14/11/2016;643.0;1058.95833333;1627.0;0.0
13/11/2016;601.0;632.375;649.0;57.0
12/11/2016;604.0;644.0;652.0;57.0
11/11/2016;601.0;633.0;649.0;18.0
10/11/2016;644.0;715.625;835.0;0.0
09/11/2016;638.0;638.0;638.0;0.0
08/11/2016;643.0;1346.58333333;2163.0;124.0
07/11/2016;633.0;1206.83333333;1809.0;216.0
06/11/2016;623.0;647.0;671.0;0.0
05/11/2016;623.0;639.0;671.0;0.0
04/11/2016;586.0;592.666666667;596.0;12.0
03/11/2016;581.0;587.666666667;591.0;0.0
02/11/2016;581.0;596.416666667;606.0;0.0
01/11/2016;615.0;621.666666667;625.0;0.0
31/10/2016;569.0;650.416666667;737.0;0.0
30/10/2016;536.0;536.0;536.0;0.0
29/10/2016;536.0;536.0;536.0;0.0
28/10/2016;591.0;639.916666667;678.0;0.0
27/10/2016;591.0;598.541666667;603.0;0.0
26/10/2016;591.0;598.25;603.0;0.0
25/10/2016;591.0;600.166666667;616.0;0.0
24/10/2016;591.0;615.75;632.0;11.0
23/10/2016;586.0;586.0;586.0;0.0
22/10/2016;596.0;596.0;596.0;0.0
21/10/2016;592.0;792.0;968.0;0.0
20/10/2016;592.0;595.333333333;607.0;0.0
19/10/2016;592.0;653.833333333;713.0;0.0
18/10/2016;592.0;634.833333333;664.0;61.0
17/10/2016;592.0;660.583333333;728.0;0.0
16/10/2016;546.0;546.0;546.0;0.0
15/10/2016;546.0;546.0;546.0;0.0
14/10/2016;596.0;622.25;675.0;36.0
13/10/2016;596.0;605.375;621.0;0.0
12/10/2016;596.0;606.166666667;623.0;0.0
11/10/2016;596.0;1131.54166667;1607.0;0.0
10/10/2016;596.0;1151.66666667;1633.0;0.0
09/10/2016;548.0;548.0;548.0;0.0
08/10/2016;548.0;548.0;548.0;0.0
07/10/2016;596.0;607.104166667;635.0;49.0
06/10/2016;596.0;1130.33333333;1637.0;50.0
05/10/2016;596.0;627.458333333;660.0;0.0
04/10/2016;613.0;613.125;614.0;0.0
03/10/2016;613.0;1170.08333333;1640.0;0.0
02/10/2016;609.0;609.0;609.0;0.0
01/10/2016;609.0;609.0;609.0;0.0
30/09/2016;436.0;437.083333333;438.0;0.0
29/09/2016;446.0;1012.25;1420.0;0.0
28/09/2016;436.0;436.833333333;438.0;0.0
27/09/2016;396.0;434.75;438.0;0.0
26/09/2016;436.0;436.0;436.0;0.0
25/09/2016;429.0;429.0;429.0;0.0
24/09/2016;429.0;429.0;429.0;0.0
23/09/2016;436.0;439.25;451.0;27.0
22/09/2016;446.0;447.083333333;448.0;0.0
21/09/2016;446.0;578.166666667;699.0;0.0
20/09/2016;446.0;451.5;463.0;0.0
19/09/2016;446.0;468.604166667;493.0;0.0
18/09/2016;429.0;429.0;429.0;0.0
17/09/2016;429.0;429.0;429.0;0.0
16/09/2016;436.0;442.083333333;453.0;0.0
15/09/2016;436.0;501.25;598.0;0.0
14/09/2016;436.0;1385.0;2204.0;0.0
13/09/2016;436.0;993.125;1407.0;0.0
12/09/2016;436.0;667.583333333;888.0;0.0
11/09/2016;439.0;439.0;439.0;0.0
10/09/2016;439.0;439.0;439.0;0.0
09/09/2016;436.0;436.458333333;437.0;0.0
08/09/2016;446.0;447.416666667;461.0;0.0
07/09/2016;446.0;518.5;576.0;0.0
06/09/2016;446.0;571.75;680.0;0.0
05/09/2016;446.0;1002.33333333;1415.0;0.0
04/09/2016;439.0;439.0;439.0;0.0
03/09/2016;439.0;439.0;439.0;0.0
02/09/2016;446.0;934.0;1416.0;0.0
01/09/2016;446.0;880.041666667;1324.0;0.0
31/08/2016;451.0;451.291666667;453.0;0.0
30/08/2016;451.0;1122.5;1655.0;0.0
29/08/2016;451.0;1120.91666667;1653.0;0.0
28/08/2016;429.0;429.0;429.0;0.0
27/08/2016;429.0;429.0;429.0;0.0
26/08/2016;436.0;446.416666667;457.0;0.0
25/08/2016;436.0;533.083333333;667.0;0.0
24/08/2016;436.0;464.041666667;487.0;0.0
23/08/2016;436.0;451.625;474.0;0.0
22/08/2016;436.0;441.125;451.0;0.0
21/08/2016;417.0;417.0;417.0;0.0
20/08/2016;417.0;417.0;417.0;0.0
19/08/2016;433.0;453.083333333;481.0;0.0
18/08/2016;433.0;442.0;450.0;0.0
17/08/2016;433.0;433.291666667;435.0;0.0
16/08/2016;433.0;433.875;435.0;0.0
15/08/2016;417.0;417.0;417.0;0.0
14/08/2016;416.0;416.0;416.0;0.0
13/08/2016;416.0;416.0;416.0;0.0
12/08/2016;422.0;425.375;439.0;0.0
11/08/2016;422.0;422.875;424.0;0.0
10/08/2016;404.0;422.041666667;444.0;0.0
09/08/2016;422.0;425.75;437.0;0.0
08/08/2016;422.0;422.0;422.0;0.0
07/08/2016;416.0;416.0;416.0;0.0
06/08/2016;416.0;416.0;416.0;0.0
05/08/2016;422.0;453.958333333;468.0;0.0
04/08/2016;422.0;450.083333333;468.0;62.0
03/08/2016;422.0;476.541666667;499.0;0.0
02/08/2016;422.0;432.0;437.0;0.0
01/08/2016;422.0;474.666666667;514.0;0.0
31/07/2016;426.0;426.0;426.0;0.0
30/07/2016;446.0;446.0;446.0;0.0
29/07/2016;561.0;591.291666667;613.0;153.0
28/07/2016;581.0;591.75;598.0;155.0
27/07/2016;581.0;639.791666667;793.0;160.0
26/07/2016;472.0;1289.75;2059.0;15.0
25/07/2016;472.0;522.791666667;549.0;34.0
24/07/2016;450.0;450.0;450.0;0.0
23/07/2016;450.0;450.0;450.0;0.0
22/07/2016;466.0;1421.54166667;2263.0;306.0
21/07/2016;445.0;457.791666667;481.0;0.0
20/07/2016;445.0;1412.625;2263.0;19.0
19/07/2016;445.0;1351.25;2232.0;0.0
18/07/2016;445.0;571.416666667;725.0;0.0
17/07/2016;455.0;455.0;455.0;0.0
16/07/2016;455.0;455.0;455.0;0.0
15/07/2016;432.0;477.916666667;519.0;0.0
14/07/2016;445.0;445.916666667;447.0;0.0
13/07/2016;411.0;483.041666667;545.0;0.0
12/07/2016;411.0;496.041666667;623.0;0.0
11/07/2016;411.0;466.333333333;490.0;0.0
10/07/2016;464.0;464.0;464.0;0.0
09/07/2016;464.0;464.0;464.0;24.0
08/07/2016;467.0;471.666666667;482.0;23.0
07/07/2016;446.0;492.666666667;525.0;0.0
06/07/2016;446.0;471.375;494.0;0.0
05/07/2016;446.0;447.875;461.0;0.0
04/07/2016;446.0;450.291666667;463.0;0.0
03/07/2016;443.0;443.0;443.0;0.0
02/07/2016;443.0;443.0;443.0;0.0
01/07/2016;445.0;445.458333333;446.0;0.0
30/06/2016;326.0;385.875;441.0;12.0
29/06/2016;281.0;324.583333333;425.0;9.0
28/06/2016;286.0;871.6875;1326.0;13.0
27/06/2016;371.0;653.0;981.0;0.0
26/06/2016;414.0;417.75;429.0;0.0
25/06/2016;414.0;425.25;429.0;0.0
24/06/2016;387.0;1273.25;2040.0;0.0
23/06/2016;387.0;484.333333333;614.0;0.0
22/06/2016;387.0;444.3125;573.0;5.0
21/06/2016;377.0;405.5625;446.0;0.0
20/06/2016;402.0;427.020833333;446.0;0.0
19/06/2016;401.0;401.0;401.0;0.0
18/06/2016;401.0;401.0;401.0;0.0
17/06/2016;387.0;396.6875;403.0;0.0
16/06/2016;387.0;396.354166667;403.0;0.0
15/06/2016;333.0;387.604166667;403.0;12.0
14/06/2016;333.0;1248.29166667;2057.0;470.0
13/06/2016;387.0;395.770833333;401.0;0.0
12/06/2016;385.0;385.0;385.0;0.0
11/06/2016;385.0;385.0;385.0;0.0
10/06/2016;352.0;361.020833333;366.0;0.0
09/06/2016;203.0;730.25;1163.0;0.0
08/06/2016;229.0;328.666666667;397.0;0.0
07/06/2016;387.0;395.770833333;401.0;0.0
06/06/2016;387.0;395.770833333;401.0;0.0
05/06/2016;386.0;386.0;386.0;0.0
04/06/2016;386.0;386.0;386.0;0.0
03/06/2016;387.0;736.666666667;1121.0;367.0
02/06/2016;387.0;1176.0625;1874.0;656.0
01/06/2016;387.0;403.354166667;414.0;0.0
31/05/2016;353.0;401.9375;456.0;48.0
30/05/2016;353.0;359.145833333;370.0;106.0
29/05/2016;381.0;381.0;381.0;88.0
28/05/2016;411.0;411.208333333;421.0;88.0
27/05/2016;383.0;663.4375;971.0;0.0
26/05/2016;383.0;888.5;1409.0;112.0
25/05/2016;393.0;414.979166667;440.0;0.0
24/05/2016;393.0;407.333333333;437.0;0.0
23/05/2016;393.0;397.625;412.0;87.0
22/05/2016;423.0;423.229166667;434.0;0.0
21/05/2016;423.0;423.25;435.0;0.0
20/05/2016;383.0;392.0625;411.0;16.0
19/05/2016;383.0;1233.66666667;1975.0;0.0
18/05/2016;383.0;384.6875;396.0;0.0
17/05/2016;383.0;1339.45833333;2184.0;0.0
16/05/2016;423.0;423.479166667;436.0;0.0
15/05/2016;421.0;421.708333333;435.0;88.0
14/05/2016;421.0;421.229166667;432.0;0.0
13/05/2016;427.0;449.854166667;492.0;0.0
12/05/2016;427.0;428.270833333;431.0;0.0
11/05/2016;427.0;470.020833333;508.0;68.0
10/05/2016;427.0;468.083333333;504.0;0.0
09/05/2016;427.0;430.375;442.0;0.0
08/05/2016;421.0;421.208333333;431.0;0.0
07/05/2016;421.0;421.25;433.0;0.0
06/05/2016;416.0;449.958333333;497.0;0.0
05/05/2016;391.0;402.1875;421.0;0.0
04/05/2016;426.0;440.604166667;465.0;0.0
03/05/2016;426.0;1335.54166667;2119.0;0.0
02/05/2016;426.0;1389.64583333;2240.0;0.0
01/05/2016;436.0;444.145833333;463.0;0.0
30/04/2016;406.0;414.541666667;436.0;0.0
29/04/2016;413.0;453.5625;492.0;17.0
28/04/2016;413.0;1272.60416667;2018.0;71.0
27/04/2016;413.0;826.604166667;1250.0;16.0
26/04/2016;413.0;427.520833333;447.0;7.0
25/04/2016;413.0;430.645833333;462.0;0.0
24/04/2016;406.0;412.1875;428.0;0.0
23/04/2016;406.0;409.25;422.0;0.0
22/04/2016;412.0;457.333333333;502.0;37.0
21/04/2016;412.0;466.75;516.0;278.0
20/04/2016;412.0;422.895833333;448.0;10.0
19/04/2016;412.0;426.875;451.0;0.0
18/04/2016;512.0;1382.33333333;2154.0;0.0
17/04/2016;496.0;501.0;518.0;0.0
16/04/2016;496.0;499.666666667;515.0;0.0
15/04/2016;502.0;508.916666667;523.0;0.0
14/04/2016;502.0;507.0625;523.0;0.0
13/04/2016;502.0;507.75;527.0;0.0
12/04/2016;502.0;519.041666667;543.0;0.0
11/04/2016;502.0;551.3125;602.0;11.0
10/04/2016;496.0;503.9375;522.0;0.0
09/04/2016;496.0;505.833333333;526.0;0.0
08/04/2016;503.0;555.1875;606.0;0.0
07/04/2016;503.0;558.625;611.0;0.0
06/04/2016;493.0;507.25;530.0;0.0
05/04/2016;493.0;550.083333333;607.0;0.0
04/04/2016;493.0;549.770833333;609.0;0.0
03/04/2016;486.0;493.645833333;514.0;0.0
02/04/2016;486.0;495.833333333;521.0;25.0
01/04/2016;503.0;541.916666667;579.0;44.0
31/03/2016;486.0;881.8125;1340.0;8.0
30/03/2016;464.0;622.541666667;756.0;0.0
29/03/2016;469.0;858.416666667;1317.0;0.0
28/03/2016;486.0;515.458333333;556.0;0.0
27/03/2016;174.0;193.608695652;216.0;0.0
26/03/2016;189.0;196.958333333;216.0;0.0
25/03/2016;189.0;759.895833333;1220.0;0.0
24/03/2016;189.0;758.125;1221.0;0.0
23/03/2016;189.0;753.541666667;1219.0;0.0
22/03/2016;439.0;512.0625;583.0;0.0
21/03/2016;189.0;757.5625;1222.0;0.0
20/03/2016;189.0;197.5;225.0;0.0
19/03/2016;189.0;199.604166667;224.0;0.0
18/03/2016;205.0;811.1875;1352.0;0.0
17/03/2016;205.0;771.458333333;1235.0;0.0
16/03/2016;205.0;773.916666667;1237.0;27.0
15/03/2016;205.0;246.979166667;288.0;0.0
14/03/2016;205.0;255.333333333;323.0;10.0
13/03/2016;189.0;189.0;189.0;0.0
12/03/2016;189.0;189.0;189.0;0.0
11/03/2016;439.0;475.666666667;523.0;25.0
10/03/2016;389.0;427.5;470.0;0.0
09/03/2016;189.0;746.833333333;1186.0;0.0
08/03/2016;189.0;707.354166667;1103.0;0.0
07/03/2016;389.0;592.666666667;925.0;34.0
06/03/2016;189.0;189.0;189.0;0.0
05/03/2016;189.0;189.0;189.0;0.0
04/03/2016;339.0;372.0;420.0;0.0
03/03/2016;189.0;380.75;432.0;0.0
02/03/2016;189.0;400.583333333;567.0;0.0
01/03/2016;189.0;824.875;1386.0;0.0
29/02/2016;489.0;552.75;600.0;61.0
28/02/2016;189.0;189.0;189.0;0.0
27/02/2016;189.0;189.0;189.0;0.0
26/02/2016;439.0;476.708333333;482.0;0.0
25/02/2016;279.0;304.333333333;347.0;0.0
24/02/2016;493.0;533.625;559.0;69.0
23/02/2016;493.0;538.625;574.0;0.0
22/02/2016;450.0;523.458333333;588.0;9.0
21/02/2016;200.0;200.541666667;213.0;0.0
20/02/2016;200.0;206.5;213.0;12.0
19/02/2016;269.0;376.6875;476.0;0.0
18/02/2016;226.0;1077.375;1992.0;786.0
17/02/2016;226.0;1128.125;1982.0;0.0
16/02/2016;274.0;327.4375;408.0;0.0
15/02/2016;231.0;343.666666667;450.0;32.0
14/02/2016;246.0;252.5;259.0;14.0
13/02/2016;246.0;252.5;259.0;11.0
12/02/2016;258.0;340.9375;410.0;35.0
11/02/2016;498.0;553.479166667;609.0;116.0
10/02/2016;498.0;552.729166667;607.0;40.0
09/02/2016;482.0;511.166666667;584.0;30.0
08/02/2016;439.0;522.5;601.0;41.0
07/02/2016;189.0;194.416666667;202.0;0.0
06/02/2016;189.0;194.416666667;202.0;0.0
05/02/2016;482.0;531.041666667;579.0;41.0
04/02/2016;199.0;478.458333333;653.0;68.0
03/02/2016;482.0;544.208333333;616.0;0.0
02/02/2016;482.0;525.625;548.0;0.0
01/02/2016;439.0;531.208333333;594.0;0.0
31/01/2016;189.0;189.0;189.0;0.0
30/01/2016;189.0;189.0;189.0;0.0
29/01/2016;199.0;831.833333333;1396.0;0.0
28/01/2016;429.0;441.916666667;491.0;68.0
27/01/2016;499.0;499.0;499.0;0.0
26/01/2016;499.0;531.0;576.0;76.0
25/01/2016;459.0;494.833333333;536.0;0.0
24/01/2016;189.0;189.0;189.0;0.0
23/01/2016;189.0;189.0;189.0;0.0
22/01/2016;215.0;227.833333333;292.0;0.0
21/01/2016;215.0;1089.83333333;1920.0;382.0
20/01/2016;215.0;251.166666667;277.0;69.0
19/01/2016;220.0;833.583333333;1417.0;260.0
18/01/2016;220.0;330.875;497.0;62.0
17/01/2016;194.0;194.0;194.0;0.0
16/01/2016;194.0;194.0;194.0;0.0
15/01/2016;439.0;439.0;439.0;0.0
14/01/2016;199.0;334.416666667;449.0;0.0
13/01/2016;439.0;439.0;439.0;0.0
12/01/2016;439.0;446.333333333;450.0;0.0
11/01/2016;439.0;463.333333333;532.0;4.0
10/01/2016;194.0;194.0;194.0;0.0
09/01/2016;194.0;194.0;194.0;0.0
08/01/2016;444.0;463.75;521.0;0.0
07/01/2016;429.0;447.208333333;490.0;0.0
06/01/2016;444.0;481.583333333;526.0;32.0
05/01/2016;444.0;463.5;480.0;36.0
04/01/2016;204.0;393.5;480.0;0.0
03/01/2016;179.0;179.0;179.0;0.0
02/01/2016;179.0;179.0;179.0;0.0
01/01/2016;179.0;329.0;379.0;0.0
31/12/2015;359.0;407.416666667;442.0;0.0
30/12/2015;299.0;347.416666667;382.0;0.0
29/12/2015;279.0;321.583333333;352.0;0.0
28/12/2015;179.0;985.291666667;1726.0;0.0
27/12/2015;179.0;179.0;179.0;0.0
26/12/2015;179.0;179.0;179.0;0.0
25/12/2015;245.0;245.0;245.0;0.0
24/12/2015;179.0;985.291666667;1726.0;0.0
23/12/2015;179.0;966.541666667;1676.0;0.0
22/12/2015;209.0;254.708333333;317.0;0.0
21/12/2015;209.0;435.291666667;676.0;0.0
20/12/2015;189.0;189.0;189.0;0.0
19/12/2015;189.0;189.0;189.0;0.0
18/12/2015;199.0;826.958333333;1358.0;0.0
17/12/2015;219.0;1004.625;1716.0;0.0
16/12/2015;219.0;1004.625;1716.0;0.0
15/12/2015;199.0;424.791666667;667.0;0.0
14/12/2015;199.0;256.666666667;343.0;0.0
13/12/2015;189.0;189.0;189.0;0.0
12/12/2015;189.0;189.0;189.0;0.0
11/12/2015;224.0;307.75;374.0;73.0
10/12/2015;224.0;269.5;302.0;0.0
09/12/2015;199.0;1005.02083333;1749.0;504.0
08/12/2015;214.0;286.1875;342.0;78.0
07/12/2015;259.0;442.666666667;561.0;0.0
06/12/2015;189.0;189.0;189.0;0.0
05/12/2015;189.0;189.0;189.0;0.0
04/12/2015;279.0;343.0;397.0;0.0
03/12/2015;289.0;332.145833333;376.0;0.0
02/12/2015;199.0;1005.14583333;1749.0;0.0
01/12/2015;309.0;470.3125;603.0;129.0
30/11/2015;199.0;351.770833333;422.0;0.0
29/11/2015;189.0;189.0;189.0;0.0
28/11/2015;189.0;189.0;189.0;0.0
27/11/2015;199.0;268.979166667;339.0;0.0
26/11/2015;199.0;259.229166667;307.0;0.0
25/11/2015;199.0;274.5625;349.0;0.0
24/11/2015;199.0;310.6875;595.0;98.0
23/11/2015;199.0;267.354166667;318.0;36.0
22/11/2015;189.0;189.0;189.0;0.0
21/11/2015;189.0;189.0;189.0;0.0
20/11/2015;439.0;475.979166667;516.0;0.0
19/11/2015;439.0;482.854166667;516.0;0.0
18/11/2015;439.0;482.854166667;516.0;0.0
17/11/2015;439.0;482.854166667;516.0;5.0
16/11/2015;439.0;480.104166667;516.0;0.0
15/11/2015;189.0;189.0;189.0;0.0
14/11/2015;189.0;189.0;189.0;0.0
13/11/2015;429.0;473.604166667;515.0;0.0
12/11/2015;429.0;469.854166667;503.0;0.0
11/11/2015;189.0;210.958333333;220.0;0.0
10/11/2015;429.0;475.5625;533.0;0.0
09/11/2015;429.0;469.854166667;503.0;0.0
08/11/2015;189.0;189.0;189.0;0.0
07/11/2015;189.0;189.0;189.0;0.0
06/11/2015;439.0;486.4375;556.0;0.0
05/11/2015;199.0;1005.1875;1746.0;0.0
04/11/2015;199.0;1006.3125;1749.0;0.0
03/11/2015;439.0;481.6875;514.0;113.0
02/11/2015;439.0;510.4375;550.0;0.0
01/11/2015;189.0;189.0;189.0;0.0
31/10/2015;459.0;459.0;459.0;0.0
30/10/2015;429.0;453.604166667;473.0;0.0
29/10/2015;429.0;466.020833333;497.0;0.0
28/10/2015;429.0;482.270833333;527.0;0.0
27/10/2015;429.0;456.520833333;478.0;0.0
26/10/2015;429.0;466.020833333;497.0;0.0
25/10/2015;459.0;459.0;459.0;0.0
24/10/2015;459.0;459.0;459.0;0.0
23/10/2015;189.0;789.9375;1253.0;0.0
22/10/2015;429.0;471.770833333;516.0;0.0
21/10/2015;189.0;939.770833333;1583.0;0.0
20/10/2015;189.0;961.9375;1620.0;0.0
19/10/2015;429.0;479.520833333;548.0;0.0
18/10/2015;429.0;429.0;429.0;0.0
17/10/2015;459.0;459.0;459.0;0.0
16/10/2015;189.0;921.604166667;1533.0;109.0
15/10/2015;189.0;919.770833333;1533.0;465.0
14/10/2015;429.0;469.854166667;498.0;0.0
13/10/2015;429.0;493.104166667;558.0;32.0
12/10/2015;429.0;483.104166667;532.0;0.0
11/10/2015;459.0;459.0;459.0;0.0
10/10/2015;459.0;459.0;459.0;0.0
09/10/2015;429.0;469.854166667;498.0;0.0
08/10/2015;429.0;469.854166667;498.0;225.0
07/10/2015;429.0;469.854166667;498.0;0.0
06/10/2015;429.0;469.854166667;498.0;0.0
05/10/2015;389.0;484.395833333;535.0;4.0
04/10/2015;459.0;459.0;459.0;0.0
03/10/2015;429.0;429.0;429.0;0.0
02/10/2015;234.0;270.520833333;317.0;0.0
01/10/2015;184.0;195.270833333;203.0;0.0
30/09/2015;421.0;452.4375;480.0;0.0
29/09/2015;213.0;388.854166667;570.0;0.0
28/09/2015;139.0;228.895833333;311.0;0.0
27/09/2015;391.0;391.0;391.0;0.0
26/09/2015;391.0;391.0;391.0;0.0
25/09/2015;139.0;295.541666667;413.0;0.0
24/09/2015;154.0;253.229166667;424.0;325.0
23/09/2015;154.0;346.229166667;519.0;0.0
22/09/2015;154.0;184.9375;227.0;17.0
21/09/2015;154.0;241.020833333;310.0;17.0
20/09/2015;448.0;448.0;448.0;0.0
19/09/2015;436.0;445.0;448.0;0.0
18/09/2015;421.0;475.979166667;515.0;0.0
17/09/2015;421.0;475.979166667;515.0;278.0
16/09/2015;433.0;481.479166667;525.0;303.0
15/09/2015;433.0;486.479166667;527.0;311.0
14/09/2015;433.0;517.145833333;594.0;0.0
13/09/2015;433.0;446.125;448.0;0.0
12/09/2015;433.0;446.125;448.0;0.0
11/09/2015;363.0;450.770833333;519.0;0.0
10/09/2015;363.0;415.708333333;467.0;0.0
09/09/2015;364.0;413.1875;453.0;0.0
08/09/2015;363.0;400.1875;453.0;0.0
07/09/2015;363.0;396.270833333;432.0;0.0
06/09/2015;403.0;403.0;403.0;0.0
05/09/2015;403.0;403.0;403.0;0.0
04/09/2015;139.0;163.125;178.0;0.0
03/09/2015;363.0;392.291666667;423.0;0.0
02/09/2015;363.0;389.583333333;418.0;0.0
01/09/2015;339.0;636.979166667;929.0;0.0
31/08/2015;363.0;382.104166667;412.0;5.0
30/08/2015;403.0;403.0;403.0;0.0
29/08/2015;403.0;403.0;403.0;0.0
28/08/2015;289.0;495.3125;707.0;0.0
27/08/2015;151.0;236.604166667;316.0;27.0
26/08/2015;351.0;382.854166667;415.0;0.0
25/08/2015;351.0;382.854166667;415.0;0.0
24/08/2015;351.0;421.0;479.0;0.0
23/08/2015;403.0;403.0;403.0;0.0
22/08/2015;403.0;403.0;403.0;0.0
21/08/2015;363.0;412.979166667;459.0;0.0
20/08/2015;351.0;398.75;440.0;0.0
19/08/2015;351.0;417.770833333;475.0;0.0
18/08/2015;151.0;322.604166667;466.0;0.0
17/08/2015;151.0;335.6875;492.0;0.0
16/08/2015;381.0;381.0;381.0;0.0
15/08/2015;393.0;393.0;393.0;0.0
14/08/2015;341.0;396.6875;447.0;0.0
13/08/2015;341.0;391.145833333;434.0;0.0
12/08/2015;341.0;384.520833333;431.0;4.0
11/08/2015;329.0;396.1875;446.0;3.0
10/08/2015;329.0;389.270833333;427.0;0.0
09/08/2015;393.0;394.270833333;397.0;0.0
08/08/2015;393.0;393.0;393.0;0.0
07/08/2015;341.0;382.3125;439.0;5.0
06/08/2015;341.0;410.104166667;473.0;58.0
05/08/2015;341.0;391.020833333;456.0;39.0
04/08/2015;341.0;422.395833333;502.0;0.0
03/08/2015;341.0;408.3125;495.0;0.0
02/08/2015;393.0;393.0;393.0;0.0
01/08/2015;393.0;394.270833333;397.0;0.0
31/07/2015;363.0;391.104166667;421.0;0.0
30/07/2015;363.0;399.1875;437.0;0.0
29/07/2015;351.0;395.770833333;444.0;3.0
28/07/2015;351.0;393.270833333;435.0;0.0
27/07/2015;351.0;388.8125;417.0;0.0
26/07/2015;403.0;403.0;403.0;0.0
25/07/2015;403.0;403.0;403.0;0.0
24/07/2015;363.0;429.979166667;503.0;0.0
23/07/2015;139.0;1033.14583333;1744.0;0.0
22/07/2015;139.0;1058.5625;1804.0;0.0
21/07/2015;139.0;1058.39583333;1803.0;0.0
20/07/2015;363.0;528.729166667;671.0;6.0
19/07/2015;403.0;403.0;403.0;0.0
18/07/2015;403.0;404.270833333;407.0;6.0
17/07/2015;363.0;432.729166667;494.0;35.0
16/07/2015;163.0;325.979166667;478.0;39.0
15/07/2015;163.0;194.604166667;243.0;5.0
14/07/2015;403.0;418.9375;429.0;0.0
13/07/2015;163.0;237.3125;311.0;0.0
12/07/2015;403.0;403.0;403.0;0.0
11/07/2015;403.0;403.0;403.0;0.0
10/07/2015;163.0;238.729166667;308.0;0.0
09/07/2015;364.0;452.3125;543.0;0.0
08/07/2015;459.0;1288.3125;1980.0;0.0
07/07/2015;351.0;628.145833333;935.0;4.0
06/07/2015;363.0;454.770833333;535.0;5.0
05/07/2015;379.0;389.0;403.0;0.0
04/07/2015;403.0;403.208333333;405.0;4.0
03/07/2015;351.0;452.895833333;543.0;42.0
02/07/2015;351.0;398.8125;452.0;0.0
01/07/2015;339.0;481.145833333;771.0;3.0
30/06/2015;139.0;153.270833333;158.0;16.0
29/06/2015;139.0;156.270833333;163.0;0.0
28/06/2015;403.0;403.0;403.0;0.0
27/06/2015;401.0;401.833333333;403.0;0.0
26/06/2015;151.0;821.3125;1328.0;1.0
25/06/2015;151.0;817.729166667;1324.0;0.0
24/06/2015;151.0;164.104166667;175.0;0.0
23/06/2015;151.0;164.104166667;175.0;0.0
22/06/2015;151.0;166.6875;175.0;0.0
21/06/2015;403.0;403.0;403.0;0.0
20/06/2015;403.0;403.0;403.0;0.0
19/06/2015;151.0;172.75;213.0;0.0
18/06/2015;139.0;865.958333333;1414.0;0.0
17/06/2015;139.0;160.0;163.0;0.0
16/06/2015;151.0;189.770833333;230.0;0.0
15/06/2015;151.0;196.4375;231.0;0.0
14/06/2015;403.0;403.0;403.0;0.0
13/06/2015;403.0;403.0;403.0;0.0
12/06/2015;163.0;198.9375;257.0;60.0
11/06/2015;163.0;203.9375;257.0;34.0
10/06/2015;139.0;936.708333333;1533.0;0.0
09/06/2015;163.0;203.0;243.0;0.0
08/06/2015;151.0;817.625;1313.0;0.0
07/06/2015;403.0;403.0;403.0;0.0
06/06/2015;403.0;403.0;403.0;0.0
05/06/2015;139.0;1038.04166667;1751.0;0.0
04/06/2015;139.0;1126.95833333;1913.0;0.0
03/06/2015;139.0;154.5;163.0;0.0
02/06/2015;151.0;162.833333333;171.0;0.0
01/06/2015;151.0;188.333333333;225.0;0.0
31/05/2015;403.0;403.0;403.0;0.0
30/05/2015;403.0;403.0;403.0;0.0
29/05/2015;151.0;188.166666667;221.0;36.0
28/05/2015;151.0;226.583333333;291.0;0.0
27/05/2015;151.0;172.0;239.0;0.0
26/05/2015;139.0;1128.70833333;1913.0;0.0
25/05/2015;403.0;416.333333333;423.0;0.0
24/05/2015;403.0;403.0;403.0;0.0
23/05/2015;403.0;403.0;403.0;0.0
22/05/2015;151.0;167.833333333;183.0;0.0
21/05/2015;151.0;177.666666667;209.0;0.0
20/05/2015;139.0;155.333333333;159.0;0.0
19/05/2015;139.0;185.75;209.0;0.0
18/05/2015;151.0;197.75;253.0;0.0
17/05/2015;403.0;403.0;403.0;0.0
16/05/2015;403.0;403.0;403.0;0.0
15/05/2015;153.0;163.916666667;178.0;0.0
14/05/2015;403.0;403.0;403.0;0.0
13/05/2015;151.0;157.0;166.0;16.0
12/05/2015;139.0;152.0;154.0;0.0
11/05/2015;139.0;154.583333333;163.0;4.0
10/05/2015;393.0;394.666666667;403.0;0.0
09/05/2015;393.0;398.0;403.0;0.0
08/05/2015;394.0;395.666666667;404.0;0.0
07/05/2015;142.0;184.458333333;244.0;0.0
06/05/2015;141.0;174.833333333;224.0;8.0
05/05/2015;141.0;220.375;280.0;9.0
04/05/2015;154.0;1114.0;1882.0;137.0
03/05/2015;393.0;393.0;393.0;0.0
02/05/2015;393.0;395.916666667;403.0;0.0
01/05/2015;393.0;393.0;393.0;0.0
30/04/2015;149.0;1059.04166667;1788.0;0.0
29/04/2015;149.0;216.125;288.0;0.0
28/04/2015;137.0;145.5;152.0;0.0
27/04/2015;137.0;1025.375;1732.0;0.0
26/04/2015;389.0;389.0;389.0;0.0
25/04/2015;389.0;389.0;389.0;0.0
24/04/2015;149.0;166.833333333;199.0;0.0
23/04/2015;135.0;154.666666667;173.0;17.0
22/04/2015;159.0;189.583333333;239.0;0.0
21/04/2015;137.0;171.25;217.0;12.0
20/04/2015;149.0;225.708333333;305.0;0.0
19/04/2015;389.0;389.0;389.0;0.0
18/04/2015;389.0;389.0;389.0;0.0
17/04/2015;137.0;165.583333333;201.0;17.0
16/04/2015;139.0;154.75;163.0;125.0
15/04/2015;139.0;154.75;163.0;0.0
14/04/2015;125.0;146.875;150.0;0.0
13/04/2015;125.0;1109.79166667;1901.0;446.0
12/04/2015;389.0;389.0;389.0;0.0
11/04/2015;389.0;389.0;389.0;0.0
10/04/2015;137.0;147.875;164.0;0.0
09/04/2015;125.0;1118.79166667;1910.0;0.0
08/04/2015;150.0;175.791666667;228.0;0.0
07/04/2015;125.0;535.791666667;908.0;158.0
06/04/2015;365.0;365.0;365.0;0.0
05/04/2015;389.0;389.0;389.0;0.0
04/04/2015;389.0;389.0;389.0;0.0
03/04/2015;125.0;1092.41666667;1865.0;204.0
02/04/2015;137.0;1014.95833333;1725.0;0.0
01/04/2015;137.0;1014.95833333;1725.0;0.0
31/03/2015;225.0;276.3125;355.0;77.0
30/03/2015;221.0;555.083333333;933.0;79.0
29/03/2015;194.0;233.956521739;273.0;54.0
28/03/2015;224.0;247.104166667;287.0;47.0
27/03/2015;200.0;615.5625;1075.0;14.0
26/03/2015;175.0;214.645833333;254.0;74.0
25/03/2015;204.0;570.208333333;992.0;74.0
24/03/2015;181.0;228.645833333;275.0;92.0
23/03/2015;159.0;609.208333333;1106.0;65.0
22/03/2015;144.0;163.520833333;175.0;27.0
21/03/2015;144.0;162.5;174.0;30.0
20/03/2015;143.0;810.645833333;1474.0;26.0
19/03/2015;172.0;382.3125;579.0;28.0
18/03/2015;154.0;379.0;585.0;17.0
17/03/2015;142.0;432.6875;729.0;31.0
16/03/2015;147.0;731.041666667;1319.0;25.0
15/03/2015;159.0;168.583333333;185.0;23.0
14/03/2015;144.0;164.020833333;181.0;28.0
13/03/2015;154.0;187.395833333;249.0;33.0
12/03/2015;154.0;191.604166667;246.0;31.0
11/03/2015;154.0;185.666666667;247.0;0.0
10/03/2015;144.0;430.375;729.0;31.0
09/03/2015;152.0;804.041666667;1437.0;11.0
08/03/2015;204.0;222.3125;240.0;21.0
07/03/2015;204.0;226.145833333;242.0;29.0
06/03/2015;165.0;208.6875;305.0;64.0
05/03/2015;130.0;205.666666667;275.0;72.0
04/03/2015;155.0;199.75;267.0;110.0
03/03/2015;147.0;471.020833333;785.0;135.0
02/03/2015;159.0;484.145833333;827.0;29.0
01/03/2015;206.0;215.666666667;233.0;20.0
28/02/2015;58.0;144.875;198.0;14.0
27/02/2015;205.0;251.4375;319.0;27.0
26/02/2015;178.0;221.729166667;270.0;40.0
25/02/2015;182.0;210.916666667;248.0;0.0
24/02/2015;182.0;476.833333333;773.0;112.0
23/02/2015;213.0;246.041666667;304.0;26.0
22/02/2015;173.0;181.625;199.0;38.0
21/02/2015;159.0;171.520833333;195.0;18.0
20/02/2015;176.0;466.229166667;764.0;18.0
19/02/2015;160.0;189.75;237.0;110.0
18/02/2015;157.0;457.583333333;748.0;34.0
17/02/2015;159.0;191.791666667;237.0;30.0
16/02/2015;156.0;197.895833333;248.0;27.0
15/02/2015;175.0;184.583333333;198.0;0.0
14/02/2015;175.0;185.041666667;200.0;36.0
13/02/2015;193.0;276.520833333;352.0;100.0
12/02/2015;230.0;613.0;919.0;100.0
11/02/2015;261.0;522.625;799.0;67.0
10/02/2015;242.0;703.104166667;1193.0;0.0
09/02/2015;147.0;354.229166667;536.0;174.0
08/02/2015;235.0;259.333333333;295.0;100.0
07/02/2015;246.0;271.104166667;304.0;100.0
06/02/2015;257.0;310.375;370.0;124.0
05/02/2015;224.0;268.291666667;306.0;100.0
04/02/2015;223.0;272.416666667;324.0;100.0
03/02/2015;224.0;265.833333333;306.0;127.0
02/02/2015;228.0;271.0;319.0;138.0
01/02/2015;226.0;248.6875;287.0;93.0
31/01/2015;211.0;233.5625;272.0;102.0
30/01/2015;200.0;230.9375;264.0;116.0
29/01/2015;197.0;243.166666667;278.0;72.0
28/01/2015;196.0;229.041666667;267.0;0.0
27/01/2015;186.0;215.729166667;249.0;80.0
26/01/2015;195.0;239.916666667;287.0;83.0
25/01/2015;228.0;252.395833333;288.0;100.0
24/01/2015;225.0;253.5625;296.0;90.0
23/01/2015;216.0;265.291666667;307.0;116.0
22/01/2015;171.0;216.666666667;275.0;80.0
21/01/2015;155.0;282.4375;406.0;17.0
20/01/2015;169.0;215.9375;286.0;47.0
19/01/2015;168.0;217.708333333;286.0;27.0
18/01/2015;174.0;183.916666667;200.0;41.0
17/01/2015;172.0;179.770833333;193.0;33.0
16/01/2015;147.0;188.395833333;236.0;20.0
15/01/2015;146.0;188.583333333;238.0;26.0
14/01/2015;149.0;190.1875;240.0;28.0
13/01/2015;151.0;188.979166667;239.0;32.0
12/01/2015;141.0;175.1875;204.0;35.0
11/01/2015;168.0;174.520833333;189.0;19.0
10/01/2015;165.0;171.666666667;187.0;17.0
09/01/2015;148.0;182.8125;228.0;0.0
08/01/2015;147.0;170.354166667;218.0;0.0
07/01/2015;156.0;185.395833333;232.0;26.0
06/01/2015;151.0;174.854166667;222.0;35.0
05/01/2015;202.0;242.729166667;290.0;25.0
04/01/2015;180.0;199.875;217.0;14.0
03/01/2015;146.0;155.541666667;172.0;11.0
02/01/2015;149.0;172.229166667;211.0;32.0
01/01/2015;130.0;131.770833333;176.0;0.0
31/12/2014;192.0;224.520833333;272.0;32.0
30/12/2014;180.0;235.625;293.0;35.0
29/12/2014;200.0;231.645833333;270.0;51.0
28/12/2014;216.0;224.8125;241.0;28.0
27/12/2014;212.0;222.020833333;237.0;28.0
26/12/2014;221.0;396.208333333;557.0;34.0
25/12/2014;208.0;218.104166667;231.0;0.0
24/12/2014;207.0;282.104166667;369.0;23.0
23/12/2014;195.0;218.625;265.0;24.0
22/12/2014;195.0;222.020833333;266.0;23.0
21/12/2014;220.0;228.4375;244.0;9.0
20/12/2014;218.0;225.8125;238.0;22.0
19/12/2014;197.0;234.791666667;282.0;19.0
18/12/2014;198.0;223.208333333;261.0;19.0
17/12/2014;207.0;254.791666667;339.0;21.0
16/12/2014;197.0;304.395833333;402.0;34.0
15/12/2014;214.0;510.25;787.0;15.0
14/12/2014;214.0;214.0;214.0;10.0
13/12/2014;214.0;214.0;214.0;10.0
12/12/2014;214.0;263.166666667;306.0;75.0
11/12/2014;244.0;296.25;359.0;119.0
10/12/2014;272.0;313.375;366.0;142.0
09/12/2014;274.0;452.0;604.0;106.0
08/12/2014;282.0;474.166666667;665.0;69.0
07/12/2014;261.0;278.958333333;313.0;75.0
06/12/2014;269.0;291.9375;328.0;65.0
05/12/2014;267.0;357.625;474.0;70.0
04/12/2014;253.0;336.354166667;414.0;78.0
03/12/2014;271.0;453.0;607.0;83.0
02/12/2014;234.0;274.541666667;320.0;190.0
01/12/2014;228.0;295.166666667;370.0;66.0
30/11/2014;242.0;253.395833333;285.0;64.0
29/11/2014;233.0;244.729166667;273.0;39.0
28/11/2014;204.0;314.645833333;457.0;64.0
27/11/2014;233.0;342.020833333;484.0;0.0
26/11/2014;208.0;468.1875;740.0;0.0
25/11/2014;224.0;267.708333333;321.0;22.0
24/11/2014;213.0;327.729166667;479.0;0.0
23/11/2014;227.0;239.958333333;276.0;39.0
22/11/2014;228.0;241.729166667;275.0;45.0
21/11/2014;229.0;354.520833333;501.0;46.0
20/11/2014;230.0;360.9375;521.0;68.0
19/11/2014;231.0;347.166666667;507.0;0.0
18/11/2014;213.0;330.291666667;477.0;50.0
17/11/2014;217.0;339.145833333;495.0;0.0
16/11/2014;233.0;244.270833333;269.0;49.0
15/11/2014;229.0;240.666666667;273.0;18.0
14/11/2014;227.0;259.104166667;316.0;62.0
13/11/2014;217.0;265.479166667;319.0;61.0
12/11/2014;210.0;257.1875;316.0;31.0
11/11/2014;229.0;243.0;271.0;26.0
10/11/2014;212.0;263.4375;317.0;59.0
09/11/2014;204.0;226.145833333;266.0;49.0
08/11/2014;204.0;237.75;267.0;40.0
07/11/2014;220.0;333.6875;483.0;45.0
06/11/2014;226.0;345.333333333;513.0;0.0
05/11/2014;210.0;318.833333333;465.0;0.0
04/11/2014;215.0;326.416666667;483.0;110.0
03/11/2014;204.0;255.791666667;316.0;17.0
02/11/2014;204.0;221.729166667;254.0;13.0
01/11/2014;204.0;211.645833333;241.0;10.0
31/10/2014;420.0;447.854166667;492.0;36.0
30/10/2014;432.0;679.625;870.0;20.0
29/10/2014;446.0;489.375;520.0;30.0
28/10/2014;432.0;452.333333333;487.0;30.0
27/10/2014;444.0;543.479166667;629.0;0.0
26/10/2014;434.0;434.0;434.0;0.0
25/10/2014;434.0;434.0;434.0;0.0
24/10/2014;444.0;466.9375;484.0;0.0
23/10/2014;420.0;676.6875;866.0;183.0
22/10/2014;420.0;444.895833333;474.0;22.0
21/10/2014;431.0;463.5625;538.0;0.0
20/10/2014;431.0;468.625;508.0;0.0
19/10/2014;434.0;434.0;434.0;0.0
18/10/2014;434.0;434.0;434.0;0.0
17/10/2014;410.0;433.854166667;463.0;22.0
16/10/2014;410.0;436.145833333;464.0;0.0
15/10/2014;410.0;425.645833333;452.0;0.0
14/10/2014;422.0;470.020833333;510.0;0.0
13/10/2014;410.0;425.625;451.0;0.0
12/10/2014;434.0;434.0;434.0;0.0
11/10/2014;434.0;434.0;434.0;0.0
10/10/2014;410.0;481.0625;570.0;32.0
09/10/2014;410.0;490.020833333;573.0;0.0
08/10/2014;410.0;489.729166667;550.0;0.0
07/10/2014;422.0;442.6875;462.0;0.0
06/10/2014;410.0;755.020833333;1026.0;20.0
05/10/2014;434.0;434.0;434.0;0.0
04/10/2014;434.0;434.0;434.0;0.0
03/10/2014;410.0;713.916666667;963.0;16.0
02/10/2014;426.0;445.020833333;463.0;408.0
01/10/2014;422.0;434.520833333;451.0;16.0
30/09/2014;400.0;425.6875;453.0;16.0
29/09/2014;400.0;423.0625;453.0;0.0
28/09/2014;424.0;424.0;424.0;0.0
27/09/2014;424.0;424.0;424.0;0.0
26/09/2014;424.0;734.666666667;988.0;0.0
25/09/2014;424.0;717.9375;969.0;0.0
24/09/2014;400.0;757.229166667;1041.0;0.0
23/09/2014;424.0;699.479166667;923.0;0.0
22/09/2014;424.0;822.791666667;1141.0;100.0
21/09/2014;424.0;424.0;424.0;0.0
20/09/2014;424.0;424.0;424.0;0.0
19/09/2014;424.0;677.104166667;877.0;0.0
18/09/2014;424.0;594.25;727.0;0.0
17/09/2014;424.0;860.791666667;1204.0;20.0
16/09/2014;424.0;655.5;832.0;0.0
15/09/2014;423.0;694.979166667;910.0;8.0
14/09/2014;424.0;424.0;424.0;0.0
13/09/2014;424.0;424.0;424.0;0.0
12/09/2014;424.0;824.104166667;1140.0;0.0
11/09/2014;424.0;710.833333333;932.0;0.0
10/09/2014;400.0;420.791666667;453.0;0.0
09/09/2014;412.0;713.125;944.0;0.0
08/09/2014;414.0;732.229166667;982.0;0.0
07/09/2014;412.0;420.0;424.0;0.0
06/09/2014;412.0;414.5;424.0;0.0
05/09/2014;412.0;722.479166667;971.0;0.0
04/09/2014;412.0;452.958333333;505.0;0.0
03/09/2014;412.0;828.166666667;1154.0;0.0
02/09/2014;412.0;522.541666667;619.0;20.0
01/09/2014;424.0;620.395833333;775.0;0.0
31/08/2014;424.0;447.75;454.0;0.0
30/08/2014;424.0;447.75;454.0;0.0
29/08/2014;400.0;433.645833333;481.0;20.0
28/08/2014;400.0;436.125;483.0;29.0
27/08/2014;400.0;435.625;483.0;8.0
26/08/2014;400.0;428.125;481.0;18.0
25/08/2014;424.0;610.479166667;742.0;12.0
24/08/2014;424.0;453.166666667;464.0;10.0
23/08/2014;434.0;457.75;464.0;0.0
22/08/2014;410.0;443.645833333;491.0;10.0
21/08/2014;424.0;605.125;730.0;50.0
20/08/2014;412.0;633.541666667;783.0;12.0
19/08/2014;410.0;435.625;481.0;12.0
18/08/2014;410.0;431.479166667;469.0;7.0
17/08/2014;424.0;447.75;454.0;0.0
16/08/2014;424.0;447.75;454.0;0.0
15/08/2014;424.0;447.75;454.0;30.0
14/08/2014;410.0;432.333333333;454.0;10.0
13/08/2014;410.0;432.333333333;454.0;0.0
12/08/2014;410.0;427.166666667;452.0;0.0
11/08/2014;410.0;432.583333333;464.0;0.0
10/08/2014;424.0;447.75;454.0;0.0
09/08/2014;424.0;447.75;454.0;0.0
08/08/2014;410.0;440.3125;481.0;0.0
07/08/2014;410.0;437.458333333;483.0;8.0
06/08/2014;410.0;432.291666667;471.0;0.0
05/08/2014;410.0;430.0;471.0;0.0
04/08/2014;412.0;545.520833333;658.0;0.0
03/08/2014;424.0;447.75;454.0;30.0
02/08/2014;412.0;438.25;454.0;0.0
01/08/2014;412.0;568.395833333;685.0;0.0
31/07/2014;412.0;431.416666667;476.0;32.0
30/07/2014;400.0;415.416666667;441.0;0.0
29/07/2014;412.0;599.541666667;738.0;0.0
28/07/2014;412.0;468.770833333;505.0;0.0
27/07/2014;412.0;420.0;424.0;0.0
26/07/2014;424.0;424.0;424.0;0.0
25/07/2014;434.0;582.395833333;679.0;0.0
24/07/2014;410.0;435.916666667;463.0;0.0
23/07/2014;410.0;435.916666667;463.0;0.0
22/07/2014;410.0;435.916666667;463.0;10.0
21/07/2014;434.0;446.604166667;478.0;0.0
20/07/2014;424.0;424.0;424.0;0.0
19/07/2014;424.0;424.0;424.0;0.0
18/07/2014;434.0;453.645833333;498.0;170.0
17/07/2014;410.0;426.916666667;463.0;9.0
16/07/2014;410.0;457.25;515.0;18.0
15/07/2014;410.0;435.083333333;515.0;0.0
14/07/2014;424.0;426.270833333;453.0;0.0
13/07/2014;424.0;424.0;424.0;0.0
12/07/2014;424.0;424.0;424.0;0.0
11/07/2014;412.0;444.979166667;488.0;0.0
10/07/2014;412.0;452.75;505.0;0.0
09/07/2014;400.0;424.75;456.0;12.0
08/07/2014;400.0;438.958333333;476.0;0.0
07/07/2014;400.0;443.0625;476.0;0.0
06/07/2014;424.0;424.0;424.0;0.0
05/07/2014;412.0;412.0;412.0;0.0
04/07/2014;412.0;434.479166667;444.0;0.0
03/07/2014;412.0;452.125;505.0;0.0
02/07/2014;400.0;428.125;505.0;12.0
01/07/2014;412.0;433.458333333;505.0;20.0
30/06/2014;410.0;452.979166667;503.0;28.0
29/06/2014;412.0;412.0;412.0;0.0
28/06/2014;412.0;412.0;412.0;0.0
27/06/2014;410.0;421.645833333;449.0;20.0
26/06/2014;410.0;421.791666667;451.0;8.0
25/06/2014;410.0;417.291666667;449.0;18.0
24/06/2014;410.0;435.729166667;454.0;9.0
23/06/2014;410.0;442.729166667;474.0;0.0
22/06/2014;412.0;412.0;412.0;0.0
21/06/2014;412.0;412.0;412.0;0.0
20/06/2014;410.0;433.916666667;464.0;0.0
19/06/2014;410.0;429.645833333;465.0;0.0
18/06/2014;410.0;435.645833333;465.0;30.0
17/06/2014;434.0;460.979166667;529.0;0.0
16/06/2014;410.0;460.729166667;498.0;64.0
15/06/2014;424.0;424.0;424.0;0.0
14/06/2014;424.0;424.0;424.0;0.0
13/06/2014;370.0;426.0;464.0;0.0
12/06/2014;410.0;436.0625;465.0;0.0
11/06/2014;410.0;436.541666667;468.0;10.0
10/06/2014;434.0;455.583333333;532.0;0.0
09/06/2014;424.0;424.0;424.0;0.0
08/06/2014;424.0;424.0;424.0;0.0
07/06/2014;424.0;424.0;424.0;0.0
06/06/2014;410.0;415.5;434.0;0.0
05/06/2014;410.0;415.458333333;448.0;0.0
04/06/2014;410.0;416.1875;448.0;0.0
03/06/2014;426.0;434.770833333;470.0;34.0
02/06/2014;410.0;420.25;437.0;0.0
01/06/2014;424.0;424.0;424.0;0.0
31/05/2014;412.0;423.5;424.0;0.0
30/05/2014;422.0;455.083333333;497.0;34.0
29/05/2014;424.0;434.854166667;464.0;40.0
28/05/2014;421.0;447.520833333;475.0;11.0
27/05/2014;421.0;446.75;478.0;8.0
26/05/2014;421.0;440.458333333;470.0;11.0
25/05/2014;434.0;434.0;434.0;0.0
24/05/2014;434.0;434.0;434.0;0.0
23/05/2014;422.0;440.270833333;459.0;28.0
22/05/2014;422.0;435.833333333;459.0;0.0
21/05/2014;422.0;436.145833333;458.0;17.0
20/05/2014;422.0;457.416666667;518.0;30.0
19/05/2014;431.0;461.020833333;499.0;0.0
18/05/2014;434.0;434.0;434.0;0.0
17/05/2014;422.0;433.5;434.0;0.0
16/05/2014;410.0;431.833333333;461.0;35.0
15/05/2014;410.0;435.583333333;457.0;0.0
14/05/2014;410.0;438.479166667;461.0;32.0
13/05/2014;434.0;451.291666667;472.0;35.0
12/05/2014;182.0;560.125;852.0;21.0
11/05/2014;424.0;424.0;424.0;0.0
10/05/2014;384.0;384.0;384.0;0.0
09/05/2014;434.0;458.333333333;476.0;0.0
08/05/2014;281.0;399.895833333;465.0;22.0
07/05/2014;267.0;337.375;468.0;18.0
06/05/2014;410.0;428.6875;476.0;36.0
05/05/2014;422.0;430.666666667;459.0;12.0
04/05/2014;184.0;324.0;424.0;0.0
03/05/2014;184.0;384.0;424.0;0.0
02/05/2014;420.0;448.979166667;483.0;18.0
01/05/2014;435.0;445.625;468.0;15.0
30/04/2014;435.0;450.166666667;475.0;44.0
29/04/2014;435.0;449.020833333;472.0;49.0
28/04/2014;434.0;443.958333333;470.0;0.0
27/04/2014;424.0;424.0;424.0;0.0
26/04/2014;424.0;424.0;424.0;0.0
25/04/2014;194.0;433.0;473.0;41.0
24/04/2014;433.0;451.541666667;473.0;46.0
23/04/2014;194.0;428.6875;476.0;200.0
22/04/2014;426.0;441.270833333;469.0;16.0
21/04/2014;400.0;421.0;424.0;0.0
20/04/2014;424.0;424.0;424.0;0.0
19/04/2014;412.0;423.5;424.0;0.0
18/04/2014;422.0;490.458333333;532.0;44.0
17/04/2014;433.0;457.479166667;477.0;44.0
16/04/2014;434.0;459.354166667;477.0;31.0
15/04/2014;195.0;669.3125;1019.0;524.0
14/04/2014;194.0;590.6875;821.0;15.0
13/04/2014;424.0;424.0;424.0;0.0
12/04/2014;424.0;424.0;424.0;0.0
11/04/2014;413.0;435.0625;479.0;45.0
10/04/2014;351.0;510.208333333;625.0;33.0
09/04/2014;427.0;540.708333333;622.0;46.0
08/04/2014;187.0;353.708333333;470.0;294.0
07/04/2014;424.0;436.5;455.0;25.0
06/04/2014;424.0;424.0;424.0;0.0
05/04/2014;412.0;423.5;424.0;0.0
04/04/2014;412.0;438.958333333;465.0;32.0
03/04/2014;419.0;472.583333333;530.0;44.0
02/04/2014;412.0;436.625;479.0;240.0
01/04/2014;414.0;448.145833333;489.0;27.0
31/03/2014;184.0;199.520833333;234.0;14.0
30/03/2014;184.0;184.0;184.0;0.0
29/03/2014;172.0;183.5;184.0;0.0
28/03/2014;172.0;525.145833333;834.0;81.0
27/03/2014;43.0;70.125;102.0;67.0
26/03/2014;160.0;207.958333333;265.0;40.0
25/03/2014;196.0;223.875;259.0;47.0
24/03/2014;160.0;212.166666667;267.0;39.0
23/03/2014;184.0;184.0;184.0;0.0
22/03/2014;184.0;184.0;184.0;0.0
21/03/2014;178.0;205.354166667;244.0;0.0
20/03/2014;194.0;220.791666667;248.0;22.0
19/03/2014;182.0;233.979166667;303.0;36.0
18/03/2014;201.0;246.729166667;306.0;29.0
17/03/2014;184.0;247.979166667;331.0;0.0
16/03/2014;184.0;184.0;184.0;0.0
15/03/2014;184.0;184.0;184.0;0.0
14/03/2014;184.0;225.979166667;297.0;57.0
13/03/2014;199.0;249.4375;303.0;65.0
12/03/2014;209.0;262.125;317.0;42.0
11/03/2014;203.0;245.708333333;305.0;26.0
10/03/2014;172.0;232.979166667;301.0;19.0
09/03/2014;184.0;184.0;184.0;0.0
08/03/2014;184.0;184.0;184.0;0.0
07/03/2014;184.0;245.145833333;289.0;0.0
06/03/2014;219.0;248.270833333;273.0;0.0
05/03/2014;225.0;281.833333333;327.0;63.0
04/03/2014;226.0;267.666666667;330.0;100.0
03/03/2014;172.0;234.854166667;342.0;196.0
02/03/2014;184.0;184.0;184.0;0.0
01/03/2014;184.0;184.0;184.0;0.0
28/02/2014;176.0;194.666666667;220.0;0.0
27/02/2014;172.0;189.333333333;220.0;0.0
26/02/2014;160.0;175.5;192.0;0.0
25/02/2014;172.0;206.833333333;240.0;0.0
24/02/2014;172.0;187.833333333;210.0;0.0
23/02/2014;184.0;207.75;214.0;25.0
22/02/2014;184.0;207.75;214.0;29.0
21/02/2014;160.0;186.0;204.0;0.0
20/02/2014;160.0;186.0;204.0;0.0
19/02/2014;184.0;248.0625;325.0;64.0
18/02/2014;184.0;242.166666667;281.0;91.0
17/02/2014;215.0;244.958333333;274.0;62.0
16/02/2014;231.0;265.020833333;307.0;81.0
15/02/2014;229.0;264.333333333;302.0;48.0
14/02/2014;216.0;275.3125;345.0;215.0
13/02/2014;236.0;268.9375;298.0;51.0
12/02/2014;202.0;274.854166667;340.0;0.0
11/02/2014;208.0;270.166666667;347.0;196.0
10/02/2014;260.0;298.916666667;340.0;168.0
09/02/2014;252.0;277.125;294.0;74.0
08/02/2014;249.0;270.291666667;286.0;71.0
07/02/2014;231.0;262.1875;408.0;66.0
06/02/2014;221.0;267.333333333;302.0;36.0
05/02/2014;170.0;193.083333333;249.0;8.0
04/02/2014;170.0;205.416666667;270.0;0.0
03/02/2014;170.0;188.5;202.0;0.0
02/02/2014;184.0;199.0;214.0;0.0
01/02/2014;24.0;39.0;54.0;0.0
31/01/2014;160.0;180.833333333;194.0;0.0
30/01/2014;160.0;181.083333333;194.0;0.0
29/01/2014;160.0;180.833333333;194.0;0.0
28/01/2014;160.0;182.083333333;204.0;0.0
27/01/2014;160.0;182.083333333;204.0;0.0
26/01/2014;184.0;184.0;184.0;0.0
25/01/2014;184.0;184.0;184.0;0.0
24/01/2014;24.0;43.3333333333;76.0;0.0
23/01/2014;160.0;186.0;204.0;0.0
22/01/2014;160.0;186.0;204.0;0.0
21/01/2014;160.0;185.0;204.0;0.0
20/01/2014;0.0;58.9375;86.0;0.0
19/01/2014;203.0;218.4375;246.0;44.0
18/01/2014;201.0;217.520833333;243.0;55.0
17/01/2014;204.0;222.583333333;243.0;62.0
16/01/2014;205.0;223.645833333;243.0;59.0
15/01/2014;209.0;246.1875;289.0;71.0
14/01/2014;210.0;235.458333333;259.0;77.0
13/01/2014;160.0;190.25;217.0;15.0
12/01/2014;172.0;186.895833333;195.0;14.0
11/01/2014;160.0;174.3125;181.0;0.0
10/01/2014;171.0;195.125;218.0;15.0
09/01/2014;170.0;193.1875;216.0;16.0
08/01/2014;170.0;187.854166667;205.0;0.0
07/01/2014;171.0;190.5625;217.0;0.0
06/01/2014;184.0;206.354166667;233.0;17.0
05/01/2014;184.0;199.458333333;207.0;21.0
04/01/2014;184.0;198.083333333;206.0;21.0
03/01/2014;184.0;202.270833333;231.0;12.0
02/01/2014;172.0;209.916666667;247.0;16.0
01/01/2014;184.0;184.0;184.0;0.0
31/12/2013;178.0;197.291666667;221.0;22.0
30/12/2013;172.0;358.729166667;493.0;21.0
29/12/2013;184.0;199.9375;208.0;22.0
28/12/2013;184.0;197.5625;205.0;18.0
27/12/2013;184.0;204.166666667;234.0;15.0
26/12/2013;171.0;185.958333333;206.0;0.0
25/12/2013;184.0;184.0;184.0;0.0
24/12/2013;160.0;192.729166667;221.0;14.0
23/12/2013;184.0;239.0;308.0;22.0
22/12/2013;184.0;199.5625;206.0;0.0
21/12/2013;184.0;199.9375;208.0;15.0
20/12/2013;172.0;206.208333333;248.0;19.0
19/12/2013;173.0;196.625;219.0;16.0
18/12/2013;172.0;189.666666667;209.0;0.0
17/12/2013;160.0;222.875;257.0;56.0
16/12/2013;203.0;241.1875;266.0;73.0
15/12/2013;225.0;243.5625;279.0;0.0
14/12/2013;184.0;238.5625;282.0;36.0
13/12/2013;223.0;254.083333333;275.0;71.0
12/12/2013;160.0;245.395833333;280.0;87.0
11/12/2013;248.0;293.729166667;338.0;119.0
10/12/2013;160.0;245.416666667;303.0;67.0
09/12/2013;236.0;263.854166667;301.0;69.0
08/12/2013;230.0;245.645833333;273.0;0.0
07/12/2013;184.0;233.479166667;259.0;68.0
06/12/2013;223.0;249.958333333;278.0;66.0
05/12/2013;160.0;243.75;296.0;64.0
04/12/2013;214.0;248.895833333;267.0;58.0
03/12/2013;234.0;435.708333333;607.0;203.0
02/12/2013;236.0;386.770833333;502.0;75.0
01/12/2013;225.0;234.75;253.0;0.0
30/11/2013;184.0;224.5;251.0;43.0
29/11/2013;184.0;353.75;497.0;28.0
28/11/2013;160.0;183.0;204.0;0.0
27/11/2013;160.0;186.0;204.0;0.0
26/11/2013;160.0;205.270833333;250.0;50.0
25/11/2013;210.0;241.75;269.0;24.0
24/11/2013;227.0;238.75;261.0;47.0
23/11/2013;184.0;234.75;264.0;66.0
22/11/2013;229.0;250.8125;277.0;54.0
21/11/2013;32.0;98.2291666667;147.0;66.0
20/11/2013;56.0;374.520833333;616.0;52.0
19/11/2013;210.0;553.1875;827.0;0.0
18/11/2013;172.0;205.145833333;251.0;36.0
17/11/2013;172.0;205.583333333;233.0;39.0
16/11/2013;172.0;205.770833333;232.0;23.0
15/11/2013;202.0;221.854166667;244.0;37.0
14/11/2013;180.0;194.270833333;225.0;42.0
13/11/2013;178.0;188.354166667;204.0;22.0
12/11/2013;184.0;546.5;819.0;19.0
11/11/2013;184.0;199.583333333;224.0;15.0
10/11/2013;184.0;208.083333333;229.0;21.0
09/11/2013;184.0;197.895833333;221.0;17.0
08/11/2013;196.0;220.729166667;256.0;26.0
07/11/2013;193.0;210.645833333;226.0;31.0
06/11/2013;185.0;205.541666667;224.0;21.0
05/11/2013;172.0;191.25;224.0;0.0
04/11/2013;184.0;201.75;238.0;32.0
03/11/2013;184.0;184.0;184.0;0.0
02/11/2013;184.0;184.0;184.0;0.0
01/11/2013;184.0;190.416666667;206.0;0.0
31/10/2013;172.0;321.75;457.0;0.0
30/10/2013;172.0;322.5;444.0;165.0
29/10/2013;160.0;553.083333333;852.0;0.0
28/10/2013;172.0;324.958333333;459.0;0.0
27/10/2013;412.0;412.0;412.0;0.0
26/10/2013;412.0;412.0;412.0;0.0
25/10/2013;172.0;310.5;427.0;0.0
24/10/2013;172.0;310.5;412.0;0.0
23/10/2013;172.0;311.125;427.0;0.0
22/10/2013;172.0;314.875;427.0;0.0
21/10/2013;172.0;315.791666667;427.0;0.0
20/10/2013;412.0;412.0;412.0;0.0
19/10/2013;252.0;252.0;252.0;0.0
18/10/2013;160.0;328.875;460.0;0.0
17/10/2013;160.0;300.0;400.0;0.0
16/10/2013;160.0;300.0;400.0;0.0
15/10/2013;160.0;300.0;400.0;0.0
14/10/2013;160.0;305.666666667;432.0;0.0
13/10/2013;412.0;412.0;412.0;0.0
12/10/2013;412.0;412.0;412.0;0.0
11/10/2013;172.0;361.75;442.0;0.0
10/10/2013;160.0;300.0;412.0;0.0
09/10/2013;172.0;310.5;412.0;0.0
08/10/2013;160.0;311.0;424.0;0.0
07/10/2013;184.0;321.0;424.0;0.0
06/10/2013;424.0;424.0;424.0;0.0
05/10/2013;424.0;424.0;424.0;0.0
04/10/2013;160.0;423.0;625.0;150.0
03/10/2013;160.0;296.875;400.0;160.0
02/10/2013;160.0;305.5;412.0;0.0
01/10/2013;172.0;186.833333333;204.0;0.0
30/09/2013;160.0;181.0;184.0;0.0
29/09/2013;184.0;184.0;184.0;0.0
28/09/2013;184.0;184.0;184.0;0.0
27/09/2013;184.0;448.5;644.0;0.0
26/09/2013;160.0;430.708333333;628.0;0.0
25/09/2013;160.0;294.375;400.0;0.0
24/09/2013;160.0;303.666666667;422.0;0.0
23/09/2013;160.0;300.0;400.0;0.0
22/09/2013;424.0;424.0;424.0;0.0
21/09/2013;424.0;424.0;424.0;0.0
20/09/2013;184.0;313.5;424.0;0.0
19/09/2013;184.0;307.25;409.0;0.0
18/09/2013;184.0;312.25;409.0;0.0
17/09/2013;184.0;321.0;424.0;0.0
16/09/2013;184.0;364.166666667;498.0;0.0
15/09/2013;424.0;424.0;424.0;0.0
14/09/2013;409.0;415.25;424.0;0.0
13/09/2013;184.0;352.25;424.0;0.0
12/09/2013;160.0;300.0;400.0;0.0
11/09/2013;160.0;293.125;400.0;0.0
10/09/2013;270.0;270.0;270.0;0.0
09/09/2013;160.0;300.0;400.0;0.0
08/09/2013;424.0;424.0;424.0;0.0
07/09/2013;424.0;424.0;424.0;0.0
06/09/2013;184.0;361.0;424.0;0.0
05/09/2013;184.0;321.0;424.0;0.0
04/09/2013;184.0;321.0;424.0;0.0
03/09/2013;184.0;321.0;424.0;0.0
02/09/2013;184.0;321.0;424.0;0.0
01/09/2013;400.0;400.0;400.0;0.0
31/08/2013;400.0;400.0;400.0;0.0
30/08/2013;184.0;361.0;424.0;0.0
29/08/2013;184.0;321.0;424.0;0.0
28/08/2013;160.0;315.0;424.0;0.0
27/08/2013;160.0;301.625;400.0;0.0
26/08/2013;184.0;318.5;424.0;0.0
25/08/2013;424.0;424.0;424.0;0.0
24/08/2013;349.0;410.875;424.0;0.0
23/08/2013;184.0;317.25;424.0;0.0
22/08/2013;160.0;294.375;400.0;0.0
21/08/2013;160.0;294.375;400.0;0.0
20/08/2013;160.0;300.0;400.0;0.0
19/08/2013;160.0;285.833333333;380.0;0.0
18/08/2013;184.0;394.833333333;404.0;0.0
17/08/2013;184.0;407.75;424.0;0.0
16/08/2013;184.0;309.333333333;404.0;0.0
15/08/2013;184.0;306.083333333;404.0;0.0
14/08/2013;184.0;320.375;424.0;0.0
13/08/2013;160.0;276.666666667;360.0;0.0
12/08/2013;160.0;295.0;400.0;0.0
11/08/2013;160.0;375.625;385.0;0.0
10/08/2013;160.0;376.875;400.0;0.0
09/08/2013;160.0;295.0;400.0;0.0
08/08/2013;160.0;300.0;400.0;0.0
07/08/2013;160.0;300.0;400.0;0.0
06/08/2013;160.0;291.875;400.0;0.0
05/08/2013;160.0;308.75;415.0;0.0
04/08/2013;160.0;358.75;400.0;0.0
03/08/2013;160.0;290.0;400.0;0.0
02/08/2013;160.0;340.0;400.0;0.0
01/08/2013;160.0;300.0;400.0;0.0
31/07/2013;240.0;240.0;240.0;0.0
30/07/2013;240.0;240.0;240.0;0.0
29/07/2013;240.0;240.0;240.0;0.0
28/07/2013;24.0;236.625;249.0;0.0
27/07/2013;24.0;227.875;264.0;0.0
26/07/2013;210.0;210.0;210.0;0.0
25/07/2013;210.0;210.0;210.0;0.0
24/07/2013;240.0;240.0;240.0;0.0
23/07/2013;210.0;210.0;210.0;0.0
22/07/2013;200.0;200.0;200.0;0.0
21/07/2013;0.0;211.25;240.0;0.0
20/07/2013;0.0;230.0;240.0;0.0
19/07/2013;200.0;208.888888889;240.0;0.0
18/07/2013;200.0;200.0;200.0;0.0
17/07/2013;0.0;6.05;25.0;0.0
16/07/2013;0.0;143.916666667;240.0;240.0
15/07/2013;0.0;143.958333333;240.0;0.0
14/07/2013;20.0;221.458333333;260.0;0.0
13/07/2013;150.0;161.458333333;260.0;0.0
12/07/2013;0.0;183.958333333;267.0;17.0
11/07/2013;0.0;151.458333333;264.0;10.0
10/07/2013;24.0;28.5238095238;51.0;10.0
09/07/2013;0.0;20.9375;51.0;26.0
08/07/2013;24.0;28.5952380952;51.0;0.0
07/07/2013;150.0;175.020833333;201.0;20.0
06/07/2013;150.0;165.020833333;200.0;20.0
05/07/2013;0.0;19.1;47.0;0.0
04/07/2013;0.0;9.5;27.0;0.0
03/07/2013;0.0;9.65;27.0;0.0
02/07/2013;0.0;10.75;29.0;160.0
01/07/2013;0.0;10.75;27.0;160.0
30/06/2013;0.0;8.84615384615;28.0;11.0
29/06/2013;0.0;7.125;29.0;20.0
28/06/2013;0.0;11.2;29.0;21.0
27/06/2013;0.0;11.6;29.0;0.0
26/06/2013;0.0;13.45;29.0;29.0
25/06/2013;0.0;276.479166667;469.0;21.0
24/06/2013;0.0;12.5;31.0;0.0
23/06/2013;0.0;48.7083333333;75.0;16.0
22/06/2013;0.0;64.3125;100.0;22.0
21/06/2013;22.0;375.25;639.0;0.0
20/06/2013;0.0;353.479166667;607.0;12.0
19/06/2013;0.0;340.275;495.0;13.0
18/06/2013;0.0;172.270833333;342.0;277.0
17/06/2013;0.0;170.65;240.0;13.0
16/06/2013;0.0;223.958333333;250.0;12.0
15/06/2013;23.0;91.0833333333;115.0;0.0
14/06/2013;0.0;35.9615384615;115.0;0.0
13/06/2013;0.0;4.14285714286;29.0;0.0
12/06/2013;0.0;6.88461538462;27.0;13.0
11/06/2013;0.0;11.4;30.0;0.0
10/06/2013;0.0;9.19230769231;33.0;24.0
09/06/2013;23.0;230.625;256.0;16.0
08/06/2013;22.0;234.104166667;265.0;12.0
07/06/2013;0.0;66.375;264.0;0.0
06/06/2013;0.0;7.92857142857;28.0;18.0
05/06/2013;0.0;4.88888888889;24.0;11.0
04/06/2013;0.0;5.47619047619;26.0;0.0
03/06/2013;0.0;7.97619047619;35.0;10.0
02/06/2013;0.0;237.979166667;270.0;0.0
01/06/2013;0.0;240.145833333;273.0;16.0
31/05/2013;0.0;16.4375;39.0;32.0
30/05/2013;10.0;16.4230769231;39.0;15.0
29/05/2013;0.0;0.0;0.0;0.0
28/05/2013;0.0;11.2083333333;42.0;31.0
27/05/2013;0.0;17.4583333333;43.0;37.0
26/05/2013;0.0;20.1041666667;45.0;19.0
25/05/2013;0.0;21.5625;54.0;0.0
24/05/2013;0.0;78.1875;129.0;40.0
23/05/2013;0.0;16.0625;36.0;29.0
22/05/2013;13.0;365.1875;622.0;29.0
21/05/2013;18.0;319.895833333;557.0;514.0
20/05/2013;189.0;252.5;294.0;22.0
19/05/2013;240.0;259.0625;281.0;39.0
18/05/2013;103.0;230.770833333;279.0;34.0
17/05/2013;0.0;52.9375;273.0;21.0
16/05/2013;0.0;16.1904761905;39.0;15.0
15/05/2013;0.0;15.375;41.0;35.0
14/05/2013;0.0;11.4791666667;37.0;15.0
13/05/2013;0.0;10.7916666667;31.0;19.0
12/05/2013;240.0;250.979166667;268.0;12.0
11/05/2013;240.0;250.666666667;269.0;11.0
10/05/2013;0.0;56.4523809524;240.0;0.0
09/05/2013;0.0;8.2380952381;33.0;0.0
08/05/2013;0.0;10.1904761905;29.0;12.0
07/05/2013;0.0;11.4285714286;31.0;25.0
06/05/2013;0.0;13.7142857143;35.0;0.0
05/05/2013;215.0;237.4375;265.0;35.0
04/05/2013;230.0;245.979166667;267.0;14.0
03/05/2013;0.0;55.7291666667;267.0;22.0
02/05/2013;0.0;18.8333333333;44.0;0.0
01/05/2013;0.0;20.4791666667;43.0;20.0
30/04/2013;45.0;407.625;705.0;28.0
29/04/2013;13.0;371.833333333;668.0;362.0
28/04/2013;0.0;21.8958333333;51.0;35.0
27/04/2013;0.0;16.5416666667;46.0;35.0
26/04/2013;0.0;7.07142857143;36.0;10.0
25/04/2013;0.0;7.54166666667;32.0;0.0
24/04/2013;0.0;14.3541666667;41.0;13.0
23/04/2013;0.0;50.6666666667;84.0;19.0
22/04/2013;22.0;374.354166667;616.0;0.0
21/04/2013;0.0;25.2708333333;58.0;46.0
20/04/2013;0.0;22.1666666667;61.0;0.0
19/04/2013;3.0;18.8541666667;66.0;0.0
18/04/2013;0.0;10.7083333333;32.0;19.0
17/04/2013;0.0;15.2857142857;40.0;14.0
16/04/2013;10.0;224.645833333;380.0;18.0
15/04/2013;0.0;229.8125;395.0;332.0
14/04/2013;0.0;19.5208333333;47.0;18.0
13/04/2013;0.0;25.1666666667;49.0;31.0
12/04/2013;0.0;26.0625;54.0;36.0
11/04/2013;0.0;32.6458333333;61.0;26.0
10/04/2013;0.0;35.3333333333;64.0;61.0
09/04/2013;0.0;37.2916666667;63.0;59.0
08/04/2013;22.0;368.791666667;614.0;45.0
07/04/2013;0.0;42.8958333333;72.0;67.0
06/04/2013;0.0;48.375;77.0;59.0
05/04/2013;22.0;436.479166667;734.0;505.0
04/04/2013;22.0;442.916666667;727.0;59.0
03/04/2013;0.0;252.3125;418.0;343.0
02/04/2013;34.0;64.8541666667;102.0;55.0
01/04/2013;38.0;55.5833333333;120.0;0.0
31/03/2013;50.0;101.413043478;151.0;40.0
30/03/2013;50.0;98.7291666667;126.0;59.0
29/03/2013;53.0;113.625;144.0;89.0
28/03/2013;96.0;138.020833333;195.0;58.0
27/03/2013;113.0;207.291666667;290.0;62.0
26/03/2013;50.0;198.75;292.0;42.0
25/03/2013;50.0;93.2916666667;135.0;72.0
24/03/2013;50.0;89.5833333333;122.0;0.0
23/03/2013;50.0;85.9166666667;121.0;66.0
22/03/2013;50.0;86.2083333333;108.0;26.0
21/03/2013;50.0;79.8125;104.0;44.0
20/03/2013;50.0;81.4791666667;103.0;45.0
19/03/2013;72.0;263.145833333;404.0;67.0
18/03/2013;117.0;276.208333333;401.0;237.0
17/03/2013;50.0;94.9583333333;140.0;75.0
16/03/2013;50.0;101.0;158.0;60.0
15/03/2013;50.0;177.6875;279.0;81.0
14/03/2013;72.0;282.1875;443.0;111.0
13/03/2013;134.0;305.125;452.0;86.0
12/03/2013;50.0;103.770833333;159.0;76.0
11/03/2013;50.0;89.2916666667;151.0;76.0
10/03/2013;50.0;82.6458333333;120.0;22.0
09/03/2013;50.0;77.625;112.0;36.0
08/03/2013;50.0;80.6875;105.0;0.0
07/03/2013;50.0;79.2083333333;114.0;0.0
06/03/2013;50.0;86.0208333333;118.0;68.0
05/03/2013;50.0;94.4583333333;124.0;34.0
04/03/2013;50.0;93.1875;124.0;81.0
03/03/2013;50.0;96.1666666667;157.0;64.0
02/03/2013;50.0;99.7291666667;167.0;76.0
01/03/2013;72.0;240.541666667;374.0;68.0
28/02/2013;50.0;53.2291666667;64.0;0.0
27/02/2013;50.0;67.625;142.0;0.0
26/02/2013;72.0;226.395833333;307.0;82.0
25/02/2013;50.0;233.145833333;351.0;232.0
24/02/2013;50.0;113.020833333;153.0;85.0
23/02/2013;50.0;121.583333333;193.0;135.0
22/02/2013;50.0;109.458333333;173.0;102.0
21/02/2013;50.0;102.5625;154.0;30.0
20/02/2013;50.0;95.4583333333;136.0;76.0
19/02/2013;50.0;90.9583333333;134.0;0.0
18/02/2013;50.0;96.4791666667;137.0;0.0
17/02/2013;50.0;94.1875;133.0;68.0
16/02/2013;50.0;88.875;128.0;0.0
15/02/2013;50.0;92.875;128.0;61.0
14/02/2013;50.0;99.2916666667;140.0;0.0
13/02/2013;50.0;103.3125;148.0;72.0
12/02/2013;50.0;99.9583333333;161.0;31.0
11/02/2013;50.0;99.6666666667;150.0;70.0
10/02/2013;50.0;98.3958333333;143.0;65.0
09/02/2013;50.0;99.0625;151.0;74.0
08/02/2013;50.0;101.416666667;151.0;67.0
07/02/2013;50.0;98.5625;153.0;69.0
06/02/2013;84.0;98.8541666667;122.0;56.0
05/02/2013;50.0;87.8958333333;114.0;47.0
04/02/2013;50.0;91.3541666667;108.0;58.0
03/02/2013;77.0;97.3333333333;120.0;65.0
02/02/2013;71.0;88.7916666667;111.0;48.0
01/02/2013;73.0;86.4375;97.0;40.0
31/01/2013;74.0;87.4791666667;104.0;0.0
30/01/2013;71.0;83.3125;94.0;33.0
29/01/2013;80.0;93.5625;114.0;64.0
28/01/2013;80.0;92.9791666667;109.0;47.0
27/01/2013;74.0;94.625;121.0;49.0
26/01/2013;75.0;104.0;139.0;47.0
25/01/2013;86.0;103.708333333;121.0;71.0
24/01/2013;84.0;98.0833333333;117.0;0.0
23/01/2013;81.0;94.5;109.0;0.0
22/01/2013;83.0;105.875;135.0;0.0
21/01/2013;108.0;122.208333333;140.0;68.0
20/01/2013;109.0;121.5;145.0;88.0
19/01/2013;105.0;122.291666667;150.0;66.0
18/01/2013;111.0;141.333333333;190.0;31.0
17/01/2013;112.0;128.666666667;158.0;60.0
16/01/2013;88.0;125.458333333;164.0;0.0
15/01/2013;78.0;123.9375;164.0;33.0
14/01/2013;81.0;115.25;144.0;62.0
13/01/2013;96.0;108.875;138.0;50.0
12/01/2013;92.0;107.958333333;133.0;72.0
11/01/2013;74.0;104.895833333;127.0;55.0
10/01/2013;70.0;100.166666667;121.0;0.0
09/01/2013;96.0;110.895833333;129.0;56.0
08/01/2013;97.0;109.354166667;127.0;47.0
07/01/2013;98.0;108.604166667;130.0;67.0
06/01/2013;35.0;50.25;71.0;66.0
05/01/2013;39.0;49.2083333333;73.0;52.0
04/01/2013;89.0;102.6875;123.0;0.0
03/01/2013;88.0;102.770833333;123.0;47.0
02/01/2013;50.0;78.1041666667;130.0;0.0
01/01/2013;0.0;0.5625;3.0;0.0
