Jour;Pic de consommation journalier (MW);Temp moyenne (°C);Temp Ref (°C)
31/08/2017;54248;16,68;18,88375
30/08/2017;55973;20,57;18,9975
29/08/2017;56230;24,42;19,11125
28/08/2017;55308;24,5;19,225
27/08/2017;45678;23,57;19,3275
26/08/2017;47861;22,71;19,435
25/08/2017;53198;21,55;19,54
24/08/2017;53189;20,98;19,64
23/08/2017;52495;21,7;19,75
22/08/2017;52488;22,46;19,845
21/08/2017;50868;20,3;19,93875
20/08/2017;43998;17,84;20,0275
19/08/2017;45148;17,97;20,1125
18/08/2017;50516;20,29;20,20375
17/08/2017;49833;21,45;20,28625
16/08/2017;48825;20,61;20,37
15/08/2017;43620;21,36;20,44
14/08/2017;46318;21,17;20,5225
13/08/2017;42818;19,06;20,58875
12/08/2017;43894;17,77;20,65625
11/08/2017;48057;16,44;20,7275
10/08/2017;48198;16,08;20,78
09/08/2017;48270;16,52;20,8425
08/08/2017;48652;18,03;20,89375
07/08/2017;48845;20,3;20,94
06/08/2017;44074;19,46;20,9875
05/08/2017;46622;21,18;21,02625
04/08/2017;52517;22,58;21,06875
03/08/2017;52806;23,24;21,10375
02/08/2017;52762;22,96;21,1325
01/08/2017;52209;21,59;21,1575
31/07/2017;51358;20,9;21,2
30/07/2017;45182;21,8;21,2
29/07/2017;47252;22,3;21,2
28/07/2017;52933;20,4;21,2
27/07/2017;53786;20;21,2
26/07/2017;53850;18,8;21,2
25/07/2017;53549;18,4;21,3
24/07/2017;53274;18,1;21,2
23/07/2017;45981;18,8;21,2
22/07/2017;48048;19,3;21,2
21/07/2017;54333;19,7;21,2
20/07/2017;55439;20,5;21,2
19/07/2017;56877;23,8;21,2
18/07/2017;56958;25,7;21,2
17/07/2017;55870;23,8;21,1
16/07/2017;47349;22,4;21
15/07/2017;46853;20,3;21,1
14/07/2017;47220;20,1;21
13/07/2017;55395;20,5;20,9
12/07/2017;55924;20,5;20,9
11/07/2017;54980;19,9;20,9
10/07/2017;54838;19,9;20,7
09/07/2017;46979;22,4;20,7
08/07/2017;50225;24,1;20,6
07/07/2017;57466;25,4;20,6
06/07/2017;56685;24,7;20,6
05/07/2017;56472;24,1;20,5
04/07/2017;55445;21,4;20,4
03/07/2017;53828;19,4;20,3
02/07/2017;46021;17,3;20,3
01/07/2017;47849;16,2;20,2
30/06/2017;53567;16;20,1
29/06/2017;53764;16,8;20,1
28/06/2017;54813;18,6;20
27/06/2017;56147;21,1;19,9
26/06/2017;55498;21,6;19,8
25/06/2017;47499;21,7;19,8
24/06/2017;49321;21,4;19,7
23/06/2017;56807;21,8;19,6
22/06/2017;59504;25,5;19,5
21/06/2017;59312;26,8;19,4
20/06/2017;58326;26,5;19,3
19/06/2017;56987;25,8;19,2
18/06/2017;48397;23,9;19,2
17/06/2017;48740;21,7;19,1
16/06/2017;55367;20,3;18,9
15/06/2017;56794;22,6;18,9
14/06/2017;56165;22,8;18,8
13/06/2017;55210;20,4;18,6
12/06/2017;54125;19,9;18,6
11/06/2017;46539;22,2;18,5
10/06/2017;47844;20,9;18,4
09/06/2017;53808;18,8;18,3
08/06/2017;53653;19;18,2
07/06/2017;53364;15,4;18,1
06/06/2017;53286;15,4;18
05/06/2017;45765;17,3;17,9
04/06/2017;44658;16,1;17,8
03/06/2017;47658;17,7;17,7
02/06/2017;54733;20,9;17,6
01/06/2017;54577;20,7;17,5
31/05/2017;54407;19,2;17,4
30/05/2017;54416;19,3;17,3
29/05/2017;54147;21,7;17,2
28/05/2017;46165;22,9;17,1
27/05/2017;46620;22,5;16,9
26/05/2017;49810;22,1;16,9
25/05/2017;46361;21,2;16,8
24/05/2017;53881;19,5;16,6
23/05/2017;53479;18,4;16,5
22/05/2017;53305;18,4;16,4
21/05/2017;45774;15,7;16,3
20/05/2017;48772;13;16,2
19/05/2017;54673;12,2;16,1
18/05/2017;54382;15,8;16,1
17/05/2017;54123;20,1;15,9
16/05/2017;53793;20,4;15,7
15/05/2017;53849;17,8;15,7
14/05/2017;46806;15,9;15,6
13/05/2017;49175;15,2;15,4
12/05/2017;55414;15,4;15,3
11/05/2017;56644;14,8;15,2
10/05/2017;56460;14,2;15,1
09/05/2017;57994;12,5;15
08/05/2017;51257;11,8;14,9
07/05/2017;50054;12,8;14,7
06/05/2017;53314;13;14,6
05/05/2017;58907;13,4;14,5
04/05/2017;60424;11,6;14,4
03/05/2017;60963;10,8;14,2
02/05/2017;60363;11;14,1
01/05/2017;52138;10,2;14
30/04/2017;52357;11,5;13,8
29/04/2017;56580;10,7;13,7
28/04/2017;65440;8,4;13,6
27/04/2017;65345;6,8;13,4
26/04/2017;63312;6,9;13,3
25/04/2017;59650;9,6;13,2
24/04/2017;57666;12,3;13,1
23/04/2017;50893;11,8;12,9
22/04/2017;52648;12;12,8
21/04/2017;62945;10,4;12,7
20/04/2017;64204;7,8;12,6
19/04/2017;62027;7,8;12,4
18/04/2017;59739;9,4;12,3
17/04/2017;51475;11,1;12,1
16/04/2017;49847;11,6;12
15/04/2017;51506;12;11,9
14/04/2017;56016;12,8;11,7
13/04/2017;56843;12,6;11,6
12/04/2017;56798;12,2;11,4
11/04/2017;56197;11,9;11,3
10/04/2017;54558;13,8;11,3
09/04/2017;47212;15,8;11,1
08/04/2017;50555;14;10,9
07/04/2017;61123;11,4;10,8
06/04/2017;60605;10,6;10,7
05/04/2017;59103;11,7;10,6
04/04/2017;58482;12,5;10,5
03/04/2017;59646;12,5;10,3
02/04/2017;51544;11;10,2
01/04/2017;52834;11;10,1
31/03/2017;55949;14;10
30/03/2017;58263;15,3;9,9
29/03/2017;60098;13,6;9,7
28/03/2017;60847;12,5;9,7
27/03/2017;61828;12,2;9,6
26/03/2017;54720;11;9,4
25/03/2017;57300;11;9,3
24/03/2017;67250;9,2;9,2
23/03/2017;67392;8,7;9,1
22/03/2017;67046;8;9,1
21/03/2017;65653;9,7;8,9
20/03/2017;64435;11,5;8,8
19/03/2017;55528;11,9;8,7
18/03/2017;57855;10,6;8,6
17/03/2017;61516;10,6;8,5
16/03/2017;64073;11,7;8,4
15/03/2017;63972;10,9;8,3
14/03/2017;65659;10;8,3
13/03/2017;64688;10,6;8,2
12/03/2017;57279;10,6;8
11/03/2017;56734;11,2;8
10/03/2017;65922;11,1;8
09/03/2017;67159;12;7,9
08/03/2017;71623;9,7;7,8
07/03/2017;74673;7,7;7,7
06/03/2017;74391;8;7,6
05/03/2017;65489;7,3;7,5
04/03/2017;64616;8,4;7,4
03/03/2017;68925;10,2;7,3
02/03/2017;70722;8,9;7,3
01/03/2017;74003;8,3;7,2
28/02/2017;75275;7,1;7,2
27/02/2017;72503;9,3;7,1
26/02/2017;62070;8,5;7,1
25/02/2017;65017;5,9;6,9
24/02/2017;70299;7,2;6,9
23/02/2017;70142;9,4;6,8
22/02/2017;69624;10,2;6,8
21/02/2017;69590;10,4;6,8
20/02/2017;71175;8,9;6,7
19/02/2017;63072;6,7;6,6
18/02/2017;64084;7;6,5
17/02/2017;71105;7,9;6,5
16/02/2017;70337;9;6,4
15/02/2017;70788;10,4;6,4
14/02/2017;73618;9,5;6,3
13/02/2017;75289;9,4;6,3
12/02/2017;70512;5,9;6,2
11/02/2017;75460;2,8;6,1
10/02/2017;81170;3,1;6,1
09/02/2017;81746;3,9;6
08/02/2017;79267;5,7;6
07/02/2017;76804;7,4;5,9
06/02/2017;78407;6,3;5,9
05/02/2017;68280;6,9;5,8
04/02/2017;67896;7,2;5,7
03/02/2017;73883;8,1;5,7
02/02/2017;73459;10,2;5,7
01/02/2017;73445;9,6;5,6
31/01/2017;74260;9,8;5,6
30/01/2017;77488;8,5;5,5
29/01/2017;70656;6;5,5
28/01/2017;72439;6,8;5,3
27/01/2017;87289;5,2;5,3
26/01/2017;93181;-0,2;5,3
25/01/2017;93467;-0,8;5,2
24/01/2017;90888;0;5,2
23/01/2017;89643;0,7;5,2
22/01/2017;81187;0,8;5,1
21/01/2017;85462;-0,2;5
20/01/2017;94190;-1,2;5
19/01/2017;93822;-1,7;5
18/01/2017;93910;-1,7;4,9
17/01/2017;91877;-0,8;4,9
16/01/2017;86152;2,8;4,9
15/01/2017;76343;2,8;4,8
14/01/2017;76812;3,1;4,8
13/01/2017;82967;4,1;4,8
12/01/2017;80300;6,9;4,7
11/01/2017;80624;6,6;4,7
10/01/2017;83085;5,4;4,7
09/01/2017;83320;5;4,7
08/01/2017;76212;4,1;4,6
07/01/2017;83555;-0,6;4,6
06/01/2017;89484;-0,7;4,7
05/01/2017;87254;2,8;4,6
04/01/2017;87584;2,2;4,7
03/01/2017;88273;1,2;4,6
02/01/2017;83561;2,3;4,6
01/01/2017;74985;0,4;4,6
31/12/2016;77745;-0,6;4,6
30/12/2016;79670;0,2;4,7
29/12/2016;77626;1,5;4,6
28/12/2016;74042;3,6;4,7
27/12/2016;71553;4,8;4,7
26/12/2016;65904;8,6;4,6
25/12/2016;60219;9;4,8
24/12/2016;62867;8,2;4,7
23/12/2016;71844;6,3;4,8
22/12/2016;74925;6,4;4,8
21/12/2016;78548;4,8;4,9
20/12/2016;80294;4,3;4,9
19/12/2016;80914;3,7;5
18/12/2016;70672;3,3;5
17/12/2016;69720;5;5,1
16/12/2016;74453;7,2;5,1
15/12/2016;77576;5,7;5,2
14/12/2016;76837;5,9;5,3
13/12/2016;77165;6,4;5,3
12/12/2016;77945;6,1;5,5
11/12/2016;67471;6,4;5,6
10/12/2016;69336;5,5;5,6
09/12/2016;77512;6,2;5,8
08/12/2016;78690;5,8;5,8
07/12/2016;78452;5,7;5,9
06/12/2016;78377;6;6
05/12/2016;78103;6,1;6,1
04/12/2016;71460;4;6,2
03/12/2016;72274;4,2;6,3
02/12/2016;81049;3,7;6,4
01/12/2016;81773;2,9;6,5
30/11/2016;81011;3,3;6,7
29/11/2016;82069;2,9;6,8
28/11/2016;77782;5,6;6,9
27/11/2016;63365;7,5;7
26/11/2016;63667;8,3;7,1
25/11/2016;69687;9;7,2
24/11/2016;70215;10,9;7,4
23/11/2016;69852;10,9;7,6
22/11/2016;70613;10,4;7,6
21/11/2016;69135;12,9;7,8
20/11/2016;59544;11,4;7,9
19/11/2016;64778;8;8,1
18/11/2016;69942;9,8;8,2
17/11/2016;70375;10,9;8,4
16/11/2016;71745;10,1;8,5
15/11/2016;73087;8,6;8,7
14/11/2016;74273;7,3;8,8
13/11/2016;63247;8,4;8,9
12/11/2016;66605;6;9,1
11/11/2016;64969;8,1;9,2
10/11/2016;71954;9,2;9,4
09/11/2016;76326;7,2;9,5
08/11/2016;77201;5,4;9,7
07/11/2016;76164;4,9;9,8
06/11/2016;62773;6,5;10
05/11/2016;60894;9,9;10,1
04/11/2016;67980;8,4;10,3
03/11/2016;69244;7,7;10,4
02/11/2016;67312;10,3;10,6
01/11/2016;56159;10,7;10,7
31/10/2016;57670;11,4;10,9
30/10/2016;52566;11,4;11
29/10/2016;55269;11,1;11,2
28/10/2016;62795;10,8;11,2
27/10/2016;62632;11,4;11,4
26/10/2016;62400;12,3;11,6
25/10/2016;61893;13,6;11,7
24/10/2016;61934;13,9;11,9
23/10/2016;55690;10,4;12
22/10/2016;56272;9,1;12,2
21/10/2016;63527;10,2;12,3
20/10/2016;63124;10,7;12,4
19/10/2016;62813;11,2;12,6
18/10/2016;60642;12,4;12,6
17/10/2016;59868;13,9;12,8
16/10/2016;51556;13,8;12,9
15/10/2016;53718;12,6;13,1
14/10/2016;63367;11,6;13,3
13/10/2016;65005;10,1;13,3
12/10/2016;63896;9,4;13,5
11/10/2016;62615;9,5;13,6
10/10/2016;61101;9,4;13,8
09/10/2016;51335;10,8;13,9
08/10/2016;51143;12,2;14
07/10/2016;57446;11,5;14,2
06/10/2016;57163;11,3;14,3
05/10/2016;55897;13,8;14,5
04/10/2016;55219;14,2;14,5
03/10/2016;54001;13,3;14,7
02/10/2016;46424;13,9;14,9
01/10/2016;48340;15,3;14,9
30/09/2016;53900;16,4;15,1
29/09/2016;53805;17,6;15,2
28/09/2016;53938;17,8;15,4
27/09/2016;54153;16,8;15,4
26/09/2016;53526;15,7;15,6
25/09/2016;45131;17;15,7
24/09/2016;47672;17,6;15,9
23/09/2016;53375;17,1;16
22/09/2016;53670;16,4;16,2
21/09/2016;53922;16,2;16,2
20/09/2016;53527;16,7;16,4
19/09/2016;53379;16,7;16,5
18/09/2016;45120;15,8;16,7
17/09/2016;47393;15,2;16,8
16/09/2016;53350;16,4;16,9
15/09/2016;54173;17,7;17
14/09/2016;54939;20,4;17,2
13/09/2016;55972;23,9;17,2
12/09/2016;55242;23,3;17,4
11/09/2016;45545;21;17,5
10/09/2016;48866;20,7;17,7
09/09/2016;55087;20,2;17,8
08/09/2016;55144;20,6;17,9
07/09/2016;55659;22;18
06/09/2016;55866;21,7;18,2
05/09/2016;54588;20,3;18,3
04/09/2016;46035;21,1;18,4
03/09/2016;49034;21,8;18,5
02/09/2016;55588;21,4;18,6
01/09/2016;55540;21,4;18,7
31/08/2016;55793;21,3;18,9
30/08/2016;54931;20,2;19
29/08/2016;54311;20,3;19,2
28/08/2016;46050;22,5;19,2
27/08/2016;49386;25,4;19,3
26/08/2016;55713;25,1;19,4
25/08/2016;55708;25,5;19,5
24/08/2016;54891;24,9;19,6
23/08/2016;53522;23,9;19,7
22/08/2016;51454;20,7;19,8
21/08/2016;43774;18,3;19,9
20/08/2016;45657;19;20,1
19/08/2016;50692;19,9;20,1
18/08/2016;50459;20,5;20,2
17/08/2016;50623;22,3;20,3
16/08/2016;50503;23,2;20,4
15/08/2016;44383;22,9;20,4
14/08/2016;43594;22,5;20,5
13/08/2016;45045;21,7;20,6
12/08/2016;48619;19,8;20,6
11/08/2016;48211;17,2;20,7
10/08/2016;47881;16,5;20,8
09/08/2016;48662;18,5;20,9
08/08/2016;48839;20,7;20,9
07/08/2016;44143;21,6;21
06/08/2016;44490;19,5;21
05/08/2016;49237;18,5;21
04/08/2016;50955;19,2;21,1
03/08/2016;51239;21,7;21,1
02/08/2016;50720;20,3;21,1
01/08/2016;50055;19,7;21,2
31/07/2016;44249;20,1;18,9
30/07/2016;47145;20,8;19
29/07/2016;53273;21,4;19,1
28/07/2016;54032;21;19,3
27/07/2016;54289;20,8;19,4
26/07/2016;54516;21,3;19,5
25/07/2016;54263;22,3;19,5
24/07/2016;46534;21,6;19,6
23/07/2016;47678;21;19,8
22/07/2016;54627;21,1;19,8
21/07/2016;56068;21,7;19,9
20/07/2016;56734;24;20
19/07/2016;57187;26,5;20,1
18/07/2016;55316;24,6;20,2
17/07/2016;46893;22,5;20,3
16/07/2016;46784;19,9;20,4
15/07/2016;50139;17,4;20,5
14/07/2016;46296;15,8;20,6
13/07/2016;54086;16,4;20,6
12/07/2016;55005;18,2;20,6
11/07/2016;55265;20,7;20,8
10/07/2016;47334;23,3;20,8
09/07/2016;49304;22,5;20,8
08/07/2016;55974;22,1;20,9
07/07/2016;56056;21,4;20,9
06/07/2016;55463;19,8;21
05/07/2016;55361;19,8;21
04/07/2016;54563;19,3;21,1
03/07/2016;46231;17,6;21,1
02/07/2016;47773;17,8;21,2
01/07/2016;55025;19,8;21,1
30/06/2016;55116;19,6;20,1
29/06/2016;54727;19;20
28/06/2016;54082;19,1;20
27/06/2016;53734;18,2;19,9
26/06/2016;45569;17,7;19,8
25/06/2016;47600;18,7;19,7
24/06/2016;54772;21,3;19,7
23/06/2016;55700;24,2;19,6
22/06/2016;55603;22,8;19,4
21/06/2016;54928;19,5;19,4
20/06/2016;53785;17;19,3
19/06/2016;45825;16,3;19,2
18/06/2016;47736;15,4;19,2
17/06/2016;53868;15,5;19
16/06/2016;54045;15,3;19
15/06/2016;54128;15,7;18,9
14/06/2016;52788;16;18,7
13/06/2016;53382;16,9;18,7
12/06/2016;45100;17,3;18,6
11/06/2016;46964;18;18,5
10/06/2016;52830;18,8;18,4
09/06/2016;53337;19,6;18,3
08/06/2016;53533;19,6;18,2
07/06/2016;53229;20,2;18,1
06/06/2016;52979;19;18
05/06/2016;45744;17,1;17,9
04/06/2016;49160;15,7;17,8
03/06/2016;56030;14,8;17,7
02/06/2016;56361;14,5;17,6
01/06/2016;56118;14,8;17,5
31/05/2016;56263;14,3;17,4
30/05/2016;54429;14,9;17,3
29/05/2016;44346;15,9;17,2
28/05/2016;47100;17,9;17,1
27/05/2016;53132;18,6;17
26/05/2016;53446;16,7;16,9
25/05/2016;54600;14,7;16,8
24/05/2016;55772;13;16,7
23/05/2016;56087;12,3;16,5
22/05/2016;46584;14,6;16,5
21/05/2016;47816;18;16,4
20/05/2016;55694;15,1;16,2
19/05/2016;56375;12,9;16,1
18/05/2016;54933;13,6;16
17/05/2016;54910;13,7;15,9
16/05/2016;48675;12,7;15,8
15/05/2016;47966;11,7;15,7
14/05/2016;50322;12,6;15,6
13/05/2016;55889;14,6;15,4
12/05/2016;55569;14,2;15,3
11/05/2016;55514;14,7;15,2
10/05/2016;54792;16,4;15,1
09/05/2016;53853;16,7;14,9
08/05/2016;45319;17,5;14,9
07/05/2016;46553;17,2;14,7
06/05/2016;49977;16,5;14,6
05/05/2016;49499;14,9;14,5
04/05/2016;58632;12,9;14,4
03/05/2016;58946;12,3;14,2
02/05/2016;61101;11,9;14,1
01/05/2016;54820;8,9;14
30/04/2016;57433;8,6;13,8
29/04/2016;63694;9,6;13,7
28/04/2016;65295;8,3;13,6
27/04/2016;66294;7,4;13,4
26/04/2016;64623;8;13,3
25/04/2016;64384;8;13,2
24/04/2016;56379;7,5;13,1
23/04/2016;53865;10,6;13
22/04/2016;57306;13,4;12,7
21/04/2016;57808;14,5;12,7
20/04/2016;58930;13,4;12,5
19/04/2016;62101;11;12,4
18/04/2016;62395;8,9;12,2
17/04/2016;54269;9,3;12,1
16/04/2016;52506;12;12
15/04/2016;58691;12,8;11,9
14/04/2016;59861;11,6;11,7
13/04/2016;60282;11,8;11,6
12/04/2016;60980;12,1;11,5
11/04/2016;60679;12,1;11,4
10/04/2016;55702;10,9;11,2
09/04/2016;58136;8,6;11,1
08/04/2016;66134;8,4;11
07/04/2016;63964;9,2;10,8
06/04/2016;62834;11;10,7
05/04/2016;62672;11,7;10,6
04/04/2016;61578;12,2;10,5
03/04/2016;55104;13,4;10,4
02/04/2016;60886;9,2;10,2
01/04/2016;69648;8,1;10,1
31/03/2016;65508;9,5;10
30/03/2016;65699;11;9,9
29/03/2016;67145;10,5;9,8
28/03/2016;58354;10,2;9,7
27/03/2016;57828;9,5;9,5
26/03/2016;59171;11,2;9,4
25/03/2016;67445;9,3;9,3
24/03/2016;68208;8,4;9,2
23/03/2016;69349;8,1;9,1
22/03/2016;68663;8,5;9
21/03/2016;69328;8,1;8,9
20/03/2016;63216;7,2;8,8
19/03/2016;63350;7;8,7
18/03/2016;72348;6,9;8,6
17/03/2016;73991;6,7;8,5
16/03/2016;76689;6,1;8,4
15/03/2016;72934;7,2;8,3
14/03/2016;72197;6,8;8,3
13/03/2016;64295;6,4;8,2
12/03/2016;65206;6,7;8,1
11/03/2016;75033;6,8;8
10/03/2016;76076;6,4;7,9
09/03/2016;78019;5,4;7,8
08/03/2016;78689;4,4;7,8
07/03/2016;79145;4;7,7
06/03/2016;69170;4,6;7,6
05/03/2016;69286;5,2;7,5
04/03/2016;74652;6,6;7,5
03/03/2016;77320;6,5;7,4
02/03/2016;77825;8;7,3
01/03/2016;78165;5,8;7,2
29/02/2016;79033;4,8;7,2
28/02/2016;69960;5;7,2
27/02/2016;70207;5;7,1
26/02/2016;75833;4,3;7
25/02/2016;75414;5,5;7
24/02/2016;75010;6,3;6,9
23/02/2016;73211;8,1;6,8
22/02/2016;71610;9,8;6,8
21/02/2016;62180;10,7;6,7
20/02/2016;68570;8,2;6,7
19/02/2016;79789;4,8;6,6
18/02/2016;81241;3,2;6,5
17/02/2016;82385;2;6,5
16/02/2016;80756;3;6,4
15/02/2016;80310;4,3;6,4
14/02/2016;67143;6,9;6,3
13/02/2016;67842;7,7;6,3
12/02/2016;77585;5,4;6,2
11/02/2016;78093;4,8;6,1
10/02/2016;78383;5,2;6,1
09/02/2016;77229;8;6
08/02/2016;73829;9,5;6
07/02/2016;64668;8,5;5,9
06/02/2016;63587;9,9;5,9
05/02/2016;71265;8,9;5,8
04/02/2016;76613;7;5,8
03/02/2016;76734;7,1;5,7
02/02/2016;72179;10,1;5,6
01/02/2016;70959;11,8;5,6
31/01/2016;62312;10,7;5,5
30/01/2016;67136;8,2;5,5
29/01/2016;73389;7,7;5,4
28/01/2016;74472;8,8;5,4
27/01/2016;73701;10;5,3
26/01/2016;74081;9,2;5,3
25/01/2016;74207;8,8;5,2
24/01/2016;66507;7,6;5,2
23/01/2016;70355;7,2;5,1
22/01/2016;84629;4,1;5,1
21/01/2016;86022;1,6;5,1
20/01/2016;86656;1,9;5
19/01/2016;86980;2,1;5
18/01/2016;88571;0,8;4,9
17/01/2016;75217;2,3;4,9
16/01/2016;76087;2,6;4,9
15/01/2016;82595;3,3;4,8
14/01/2016;81305;4,6;4,8
13/01/2016;80586;5,1;4,8
12/01/2016;79422;6,9;4,7
11/01/2016;76651;8,1;4,7
10/01/2016;65407;7,7;4,7
09/01/2016;65156;8,7;4,7
08/01/2016;73596;7,2;4,6
07/01/2016;76187;8,2;4,6
06/01/2016;76794;7;4,6
05/01/2016;76885;7,3;4,6
04/01/2016;74540;7,8;4,6
03/01/2016;65217;7,2;4,6
02/01/2016;63314;8,7;4,6
01/01/2016;59359;7;4,6
31/12/2015;62660;8,7;4,6
30/12/2015;65666;8,2;4,6
29/12/2015;64987;9,1;4,6
28/12/2015;64922;8,9;4,7
27/12/2015;57431;9;4,7
26/12/2015;57254;9,7;4,7
25/12/2015;54686;10,6;4,7
24/12/2015;59377;10,5;4,8
23/12/2015;63971;10,3;4,8
22/12/2015;65530;10,8;4,8
21/12/2015;66445;10,8;4,9
20/12/2015;58186;11,4;4,9
19/12/2015;59865;11,1;5
18/12/2015;66068;11,3;5
17/12/2015;69016;11,7;5,1
16/12/2015;70485;11,5;5,2
15/12/2015;73807;9,5;5,2
14/12/2015;75572;6,6;5,3
13/12/2015;66234;6,2;5,4
12/12/2015;66055;8;5,4
11/12/2015;75901;6,7;5,5
10/12/2015;78411;4,7;5,6
09/12/2015;73672;7,6;5,7
08/12/2015;71752;9,5;5,8
07/12/2015;70281;10,4;5,9
06/12/2015;61712;9,9;6
05/12/2015;65905;6,9;6,1
04/12/2015;71089;8,8;6,2
03/12/2015;74712;7,5;6,3
02/12/2015;73067;8,3;6,4
01/12/2015;71557;10,4;6,5
30/11/2015;72676;10,5;6,7
29/11/2015;64593;9,6;6,8
28/11/2015;69226;6,4;6,9
27/11/2015;75300;4,8;7
26/11/2015;76117;7;7,1
25/11/2015;76550;7,8;7,3
24/11/2015;80414;3,6;7,4
23/11/2015;78776;3,1;7,5
22/11/2015;66352;4,1;7,7
21/11/2015;65613;6,8;7,8
20/11/2015;64729;12,6;7,9
19/11/2015;64704;14;8,1
18/11/2015;64505;13,9;8,2
17/11/2015;65616;13,5;8,4
16/11/2015;65761;11,8;8,5
15/11/2015;55299;12,1;8,7
14/11/2015;58481;10,3;8,8
13/11/2015;63665;11,6;8,9
12/11/2015;64403;11,4;9,1
11/11/2015;56299;11,6;9,2
10/11/2015;61793;12,4;9,4
09/11/2015;60938;14,5;9,5
08/11/2015;51061;15,1;9,7
07/11/2015;52924;16;9,8
06/11/2015;60232;15,5;10
05/11/2015;63557;13,9;10,1
04/11/2015;64490;13,8;10,3
03/11/2015;65731;12,8;10,4
02/11/2015;65630;11,1;10,6
01/11/2015;53362;12,3;10,7
31/10/2015;53602;12,6;10,9
30/10/2015;61077;12,4;11
29/10/2015;63635;11,7;11,1
28/10/2015;63519;12,3;11,3
27/10/2015;62707;14,1;11,4
26/10/2015;62496;12,6;11,6
25/10/2015;52999;12,2;11,7
24/10/2015;55299;12,4;11,9
23/10/2015;62565;12,3;12
22/10/2015;65337;11,7;12,1
21/10/2015;66035;10,2;12,3
20/10/2015;65286;10,5;12,4
19/10/2015;64798;10,2;12,6
18/10/2015;56216;10,2;12,7
17/10/2015;58559;9,5;12,8
16/10/2015;68308;7,5;13
15/10/2015;68104;6,9;13,1
14/10/2015;66133;7,8;13,2
13/10/2015;62251;10,5;13,4
12/10/2015;59102;11,7;13,5
11/10/2015;50541;12,6;13,6
10/10/2015;50837;12,7;13,8
09/10/2015;57265;12,5;13,9
08/10/2015;56621;13,2;14
07/10/2015;57103;14,3;14,2
06/10/2015;56280;17;14,3
05/10/2015;56845;16,2;14,4
04/10/2015;49752;12,9;14,6
03/10/2015;50217;13,7;14,7
02/10/2015;56796;12,7;14,8
01/10/2015;56214;12,8;15
30/09/2015;55990;14;15,1
29/09/2015;55581;13,9;15,2
28/09/2015;54607;14,5;15,3
27/09/2015;46630;14,5;15,5
26/09/2015;48585;14,2;15,6
25/09/2015;54852;14,7;15,7
24/09/2015;55859;14;15,9
23/09/2015;55963;13,3;16
22/09/2015;55641;14,1;16,1
21/09/2015;53858;14,4;16,3
20/09/2015;45688;14,6;16,4
19/09/2015;48571;15,3;16,5
18/09/2015;54698;15,1;16,6
17/09/2015;56191;16,4;16,8
16/09/2015;57032;18,4;16,9
15/09/2015;55049;15,1;17
14/09/2015;53622;15,9;17,2
13/09/2015;45520;16,5;17,3
12/09/2015;48486;17,7;17,4
11/09/2015;53984;17,5;17,5
10/09/2015;54421;17,5;17,7
09/09/2015;54441;17,3;17,8
08/09/2015;54090;15,9;17,9
07/09/2015;53365;15;18
06/09/2015;44780;14,9;18,2
05/09/2015;47306;15,3;18,3
04/09/2015;53467;15,3;18,4
03/09/2015;54037;15,9;18,5
02/09/2015;53683;16,8;18,7
01/09/2015;54922;18,7;18,8
31/08/2015;55575;22,6;18,9
30/08/2015;46052;24,5;19
29/08/2015;48208;22,8;19,1
28/08/2015;53881;20,2;19,2
27/08/2015;54746;19,1;19,3
26/08/2015;53474;20,9;19,4
25/08/2015;52213;17,4;19,5
24/08/2015;51818;17,6;19,6
23/08/2015;43235;19,3;19,8
22/08/2015;45976;22,6;19,8
21/08/2015;50691;22,2;19,9
20/08/2015;49911;19,8;20
19/08/2015;49307;18,7;20,1
18/08/2015;48909;17,8;20,2
17/08/2015;48052;17,9;20,3
16/08/2015;41983;17,2;20,4
15/08/2015;42720;17,5;20,4
14/08/2015;48682;19,4;20,5
13/08/2015;50185;22,7;20,6
12/08/2015;50306;25,2;20,7
11/08/2015;49322;22,7;20,7
10/08/2015;47768;21,2;20,8
09/08/2015;42870;20,5;20,8
08/08/2015;45733;21,5;20,9
07/08/2015;51500;23,5;20,9
06/08/2015;51507;23,9;21
05/08/2015;50993;22,9;21
04/08/2015;50111;21,2;21,1
03/08/2015;50678;24,2;21,1
02/08/2015;44657;21,7;21,1
01/08/2015;45399;19,2;21,2
31/07/2015;51146;17,7;21,2
30/07/2015;52279;17,1;21,2
29/07/2015;53479;17,7;21,2
28/07/2015;53202;17,9;21,2
27/07/2015;53044;19,9;21,2
26/07/2015;45689;17,5;21,2
25/07/2015;47510;19,5;21,2
24/07/2015;56046;22;21,2
23/07/2015;56123;21,6;21,2
22/07/2015;57404;22,8;21,2
21/07/2015;58250;24,5;21,2
20/07/2015;56669;23,6;21,2
19/07/2015;47552;22,4;21,2
18/07/2015;49803;23;21,1
17/07/2015;57594;24,2;21,1
16/07/2015;58589;25,7;21,1
15/07/2015;57144;23,7;21
14/07/2015;47887;22,1;21
13/07/2015;51714;21,8;20,9
12/07/2015;47003;20,9;20,9
11/07/2015;49444;22,3;20,8
10/07/2015;55837;22;20,8
09/07/2015;55834;19,4;20,7
08/07/2015;56338;19,4;20,7
07/07/2015;58747;23,3;20,6
06/07/2015;57247;23,7;20,6
05/07/2015;48591;23,2;20,5
04/07/2015;51151;26,3;20,4
03/07/2015;58478;26,2;20,4
02/07/2015;58706;24,7;20,3
01/07/2015;58969;26,8;20,2
30/06/2015;57755;25,7;20,1
29/06/2015;55981;22,7;20,1
28/06/2015;47620;21,8;20
27/06/2015;48712;20,9;19,9
26/06/2015;56014;22,6;19,8
25/06/2015;55536;20,9;19,7
24/06/2015;54776;18,4;19,7
23/06/2015;54905;16,9;19,6
22/06/2015;54518;18;19,5
21/06/2015;45715;19,1;19,4
20/06/2015;47553;18;19,3
19/06/2015;53910;17,8;19,2
18/06/2015;55194;18,4;19,1
17/06/2015;54381;18,1;19,1
16/06/2015;54321;17,2;19
15/06/2015;53897;17,6;18,9
14/06/2015;45226;18,1;18,8
13/06/2015;47820;18,9;18,7
12/06/2015;55497;19,8;18,6
11/06/2015;55975;21,5;18,5
10/06/2015;54748;17,7;18,4
09/06/2015;54791;17;18,3
08/06/2015;54125;18,4;18,2
07/06/2015;46057;19;18,1
06/06/2015;48444;19,4;18
05/06/2015;56846;23,1;17,9
04/06/2015;55984;21,1;17,8
03/06/2015;55643;18,6;17,7
02/06/2015;55532;18,2;17,6
01/06/2015;54424;15,4;17,5
31/05/2015;46273;16,3;17,4
30/05/2015;48363;15,6;17,3
29/05/2015;54782;15,5;17,2
28/05/2015;55113;15,9;17,1
27/05/2015;54868;15,6;17
26/05/2015;54962;14,9;16,9
25/05/2015;47135;15,8;16,8
24/05/2015;45575;16,4;16,7
23/05/2015;49093;15,5;16,6
22/05/2015;55548;13,8;16,5
21/05/2015;56752;12,2;16,3
20/05/2015;57088;11,1;16,2
19/05/2015;55932;12,1;16,1
18/05/2015;53990;14,9;16
17/05/2015;46192;15;15,9
16/05/2015;49364;13,7;15,8
15/05/2015;52112;12,1;15,7
14/05/2015;47761;14,9;15,5
13/05/2015;54356;17,2;15,4
12/05/2015;54381;17,7;15,3
11/05/2015;53681;19;15,2
10/05/2015;45417;17,2;15,1
09/05/2015;47776;16,2;15
08/05/2015;48572;14,8;14,8
07/05/2015;55870;13,5;14,7
06/05/2015;55902;13,8;14,6
05/05/2015;55474;16,5;14,5
04/05/2015;55421;16,7;14,3
03/05/2015;48545;16,2;14,2
02/05/2015;51574;13,7;14,1
01/05/2015;50676;12,2;14
30/04/2015;59351;11,5;13,8
29/04/2015;58572;10,7;13,7
28/04/2015;58371;10;13,6
27/04/2015;57273;12;13,4
26/04/2015;47522;13,8;13,3
25/04/2015;49419;14,6;13,2
24/04/2015;54633;14,5;13,1
23/04/2015;55328;14,6;12,9
22/04/2015;54995;15,1;12,8
21/04/2015;55284;14,9;12,7
20/04/2015;56005;13,4;12,5
19/04/2015;48924;11,6;12,4
18/04/2015;50059;12,7;12,3
17/04/2015;55783;13,9;12,1
16/04/2015;55042;15,9;12
15/04/2015;54949;17,6;11,9
14/04/2015;55220;16,7;11,7
13/04/2015;56312;14,7;11,6
12/04/2015;50434;12,9;11,5
11/04/2015;53239;12,2;11,4
10/04/2015;59880;13,4;11,2
09/04/2015;63221;12,8;11,1
08/04/2015;66630;10,7;11
07/04/2015;67380;9,6;10,8
06/04/2015;57648;8,2;10,7
05/04/2015;59030;7,4;10,6
04/04/2015;60520;9,3;10,5
03/04/2015;66430;9,6;10,3
02/04/2015;68495;9,3;10,2
01/04/2015;67864;9;10,1
31/03/2015;65210;12,3;10
30/03/2015;65068;12,1;9,9
29/03/2015;57936;11,6;9,8
28/03/2015;60364;10,7;9,7
27/03/2015;69376;8,9;9,5
26/03/2015;72643;6,9;9,4
25/03/2015;72511;6,2;9,3
24/03/2015;72124;7,7;9,2
23/03/2015;70195;7,9;9,1
22/03/2015;63575;7,3;9
21/03/2015;63359;7,8;8,9
20/03/2015;69812;8,5;8,8
19/03/2015;69423;8,7;8,7
18/03/2015;66813;10,7;8,6
17/03/2015;70602;9,8;8,5
16/03/2015;71127;7,7;8,4
15/03/2015;65127;6,2;8,3
14/03/2015;65239;6,4;8,3
13/03/2015;68797;7,7;8,2
12/03/2015;67963;9,1;8,1
11/03/2015;67956;10,4;8
10/03/2015;69295;9,5;7,9
09/03/2015;68325;9,1;7,8
08/03/2015;60663;8,9;7,8
07/03/2015;64740;7,8;7,7
06/03/2015;75701;6,2;7,6
05/03/2015;75451;5,8;7,5
04/03/2015;75437;6;7,5
03/03/2015;72486;7,9;7,4
02/03/2015;73226;9,5;7,3
01/03/2015;65177;9,6;7,2
28/02/2015;68714;5,8;7,2
27/02/2015;74919;6,1;7,1
26/02/2015;75199;8,3;7
25/02/2015;75792;6,7;7
24/02/2015;78722;5,7;6,9
23/02/2015;78193;6,7;6,8
22/02/2015;70639;4,2;6,8
21/02/2015;72061;4,8;6,7
20/02/2015;77258;6,7;6,7
19/02/2015;79080;4,3;6,6
18/02/2015;78658;4,1;6,5
17/02/2015;78965;5,8;6,5
16/02/2015;78828;5,2;6,4
15/02/2015;68493;6;6,4
14/02/2015;70245;6,9;6,3
13/02/2015;79539;6,8;6,3
12/02/2015;81900;3,9;6,2
11/02/2015;82946;3,8;6,1
10/02/2015;83132;3,5;6,1
09/02/2015;83824;2,8;6
08/02/2015;76945;3,4;6
07/02/2015;81566;1,4;5,9
06/02/2015;91934;0,3;5,9
05/02/2015;91446;1;5,8
04/02/2015;90087;1,3;5,8
03/02/2015;88595;0,8;5,7
02/02/2015;86065;2,5;5,6
01/02/2015;76292;3,2;5,6
31/01/2015;76185;3,3;5,5
30/01/2015;82105;3,9;5,5
29/01/2015;82758;5,9;5,4
28/01/2015;82506;6;5,4
27/01/2015;82452;5,3;5,3
26/01/2015;82819;5,1;5,3
25/01/2015;75441;3,2;5,2
24/01/2015;78009;2,8;5,2
23/01/2015;85954;1,5;5,1
22/01/2015;86689;2;5,1
21/01/2015;85689;2,3;5,1
20/01/2015;86452;1,9;5
19/01/2015;84285;2,9;5
18/01/2015;72512;2,9;4,9
17/01/2015;71824;4;4,9
16/01/2015;75864;6,9;4,9
15/01/2015;76655;8,7;4,8
14/01/2015;77273;7,7;4,8
13/01/2015;76050;8,5;4,8
12/01/2015;77278;6,7;4,7
11/01/2015;66485;7,4;4,7
10/01/2015;63456;11,6;4,7
09/01/2015;75277;10,2;4,7
08/01/2015;78905;7,8;4,6
07/01/2015;82132;4,3;4,6
06/01/2015;83938;2,9;4,6
05/01/2015;82167;3,1;4,6
04/01/2015;67692;7,6;4,6
03/01/2015;69737;7,8;4,6
02/01/2015;75334;4,7;4,6
01/01/2015;73481;1,5;4,6
31/12/2014;77382;1,8;4,6
30/12/2014;80778;1,6;4,6
29/12/2014;82243;-0,5;4,6
28/12/2014;75174;1,4;4,7
27/12/2014;70256;5,5;4,7
26/12/2014;70630;4,7;4,7
25/12/2014;61354;6,8;4,7
24/12/2014;66752;7,4;4,8
23/12/2014;71540;6,3;4,8
22/12/2014;71559;7,1;4,8
21/12/2014;64735;7,3;4,9
20/12/2014;65175;8,6;4,9
19/12/2014;69037;10,6;5
18/12/2014;71609;11,4;5
17/12/2014;75655;8,8;5,1
16/12/2014;75809;7,8;5,2
15/12/2014;76808;6,8;5,2
14/12/2014;68695;5,7;5,3
13/12/2014;68753;7,3;5,4
12/12/2014;74787;8,3;5,4
11/12/2014;77800;8;5,5
10/12/2014;79714;6,3;5,6
09/12/2014;82588;4,3;5,7
08/12/2014;80161;5,6;5,8
07/12/2014;70366;5;5,9
06/12/2014;71060;5,1;6
05/12/2014;76430;5,4;6,1
04/12/2014;79168;4,6;6,2
03/12/2014;80218;4,6;6,3
02/12/2014;78045;5,2;6,4
01/12/2014;75673;6,4;6,5
30/11/2014;61159;8,3;6,7
29/11/2014;60834;10,8;6,8
28/11/2014;65632;12,5;6,9
27/11/2014;68834;10,6;7
26/11/2014;68930;11,2;7,1
25/11/2014;69223;11;7,3
24/11/2014;68106;11,8;7,4
23/11/2014;56452;12,8;7,5
22/11/2014;59279;11,9;7,7
21/11/2014;67750;10,3;7,8
20/11/2014;72011;8,9;7,9
19/11/2014;72474;7,9;8,1
18/11/2014;71354;8,9;8,2
17/11/2014;71309;8,8;8,4
16/11/2014;59411;9,2;8,5
15/11/2014;60150;10,4;8,7
14/11/2014;66811;10,9;8,8
13/11/2014;68332;10,4;8,9
12/11/2014;68289;10,9;9,1
11/11/2014;59400;10,8;9,2
10/11/2014;63747;9,3;9,4
09/11/2014;57514;9,9;9,5
08/11/2014;59430;10,3;9,7
07/11/2014;67107;9,7;9,8
06/11/2014;69996;8;10
05/11/2014;69099;8,5;10,1
04/11/2014;65883;10,7;10,3
03/11/2014;63654;13,2;10,4
02/11/2014;51408;14,1;10,6
01/11/2014;51094;14,3;10,7
31/10/2014;57585;14,8;10,9
30/10/2014;60570;13,9;11
29/10/2014;61625;12,7;11,1
28/10/2014;62684;11,9;11,3
27/10/2014;60579;12,4;11,4
26/10/2014;50341;13,3;11,6
25/10/2014;52035;13,7;11,7
24/10/2014;59481;12,3;11,9
23/10/2014;60925;11,5;12
22/10/2014;60473;10,9;12,1
21/10/2014;58615;15;12,3
20/10/2014;56526;16,4;12,4
19/10/2014;46941;18,3;12,6
18/10/2014;49122;18,1;12,7
17/10/2014;55747;17;12,8
16/10/2014;57794;16,6;13
15/10/2014;58381;14,8;13,1
14/10/2014;56969;14;13,2
13/10/2014;56430;15,4;13,4
12/10/2014;49238;15,4;13,5
11/10/2014;49664;15,2;13,6
10/10/2014;55945;15,4;13,8
09/10/2014;56556;17;13,9
08/10/2014;57948;17,3;14
07/10/2014;56950;15,4;14,2
06/10/2014;56686;13,2;14,3
05/10/2014;47222;13,3;14,4
04/10/2014;47901;16,2;14,6
03/10/2014;54342;17,2;14,7
02/10/2014;54456;17,4;14,8
01/10/2014;55225;17,5;15
30/09/2014;55323;17,6;15,1
29/09/2014;54535;18;15,2
28/09/2014;45564;17,8;15,3
27/09/2014;48050;16,9;15,5
26/09/2014;54187;14,9;15,6
25/09/2014;54828;14,3;15,7
24/09/2014;55327;13,9;15,9
23/09/2014;54363;14,1;16
22/09/2014;53210;15,4;16,1
21/09/2014;44927;18;16,3
20/09/2014;48544;19,7;16,4
19/09/2014;54932;20,3;16,5
18/09/2014;55140;20,6;16,6
17/09/2014;55388;20,9;16,8
16/09/2014;54802;19,8;16,9
15/09/2014;54021;18,9;17
14/09/2014;44704;18,3;17,2
13/09/2014;47795;18,1;17,3
12/09/2014;54019;17,4;17,4
11/09/2014;55071;17,5;17,5
10/09/2014;55184;18,7;17,7
09/09/2014;55069;19,7;17,8
08/09/2014;54681;20,9;17,9
07/09/2014;45219;20,6;18
06/09/2014;48355;19,8;18,2
05/09/2014;54695;19,6;18,3
04/09/2014;54610;18,7;18,4
03/09/2014;54337;18,6;18,5
02/09/2014;54286;18,5;18,7
01/09/2014;53260;17,6;18,8
31/08/2014;44561;18;18,9
30/08/2014;47160;18,4;19
29/08/2014;53683;19,1;19,1
28/08/2014;54307;19,9;19,2
27/08/2014;53817;19,1;19,3
26/08/2014;54061;18,7;19,4
25/08/2014;52639;17,2;19,5
24/08/2014;43583;16,2;19,6
23/08/2014;45427;16,5;19,8
22/08/2014;50303;16,2;19,8
21/08/2014;49757;15,8;19,9
20/08/2014;49580;15,8;20
19/08/2014;49380;16,6;20,1
18/08/2014;48533;17,2;20,2
17/08/2014;42260;17;20,3
16/08/2014;43054;17,1;20,4
15/08/2014;42904;16,4;20,4
14/08/2014;47447;16,8;20,5
13/08/2014;47850;17;20,6
12/08/2014;47658;18,2;20,7
11/08/2014;47605;18,6;20,7
10/08/2014;42624;20,9;20,8
09/08/2014;44222;19,9;20,8
08/08/2014;49758;20,7;20,9
07/08/2014;49623;21;20,9
06/08/2014;49403;19,9;21
05/08/2014;48994;20,4;21
04/08/2014;48668;19,4;21,1
03/08/2014;43084;19,6;21,1
02/08/2014;45551;20;21,1
01/08/2014;51860;21,2;21,2
31/07/2014;52420;20,7;21,2
30/07/2014;52878;20;21,2
29/07/2014;52752;18;21,2
28/07/2014;52502;19,3;21,2
27/07/2014;45448;21,9;21,2
26/07/2014;47023;21,1;21,2
25/07/2014;54496;21,8;21,2
24/07/2014;55938;23,2;21,2
23/07/2014;55366;22,5;21,2
22/07/2014;54796;20,2;21,2
21/07/2014;53759;19,4;21,2
20/07/2014;45398;20,1;21,2
19/07/2014;48694;23,9;21,2
18/07/2014;57101;25,1;21,1
17/07/2014;56902;24,7;21,1
16/07/2014;55695;22,8;21,1
15/07/2014;54767;20,2;21
14/07/2014;45587;18,8;21
13/07/2014;44912;18,3;20,9
12/07/2014;47959;18,1;20,9
11/07/2014;55470;17,4;20,8
10/07/2014;56072;16,1;20,8
09/07/2014;55114;15,7;20,7
08/07/2014;54577;16,5;20,7
07/07/2014;53701;16,9;20,6
06/07/2014;45386;19,1;20,6
05/07/2014;48159;20,1;20,5
04/07/2014;55283;21,1;20,4
03/07/2014;55920;22,1;20,4
02/07/2014;54865;19,9;20,3
01/07/2014;54538;18,9;20,2
30/06/2014;53396;17,1;20,1
29/06/2014;45234;16,5;20,1
28/06/2014;48170;18,2;20
27/06/2014;55179;19,4;19,9
26/06/2014;55227;19,3;19,8
25/06/2014;55039;19,5;19,7
24/06/2014;55230;20,6;19,7
23/06/2014;54504;20,4;19,6
22/06/2014;46192;21,4;19,5
21/06/2014;48100;20,1;19,4
20/06/2014;54838;19,3;19,3
19/06/2014;54350;18,6;19,2
18/06/2014;54387;17,4;19,1
17/06/2014;54391;16,9;19,1
16/06/2014;53374;17,6;19
15/06/2014;45043;17,3;18,9
14/06/2014;47559;19,5;18,8
13/06/2014;55610;21,7;18,7
12/06/2014;55678;22;18,6
11/06/2014;55169;21,1;18,5
10/06/2014;55600;20,6;18,4
09/06/2014;46444;22,3;18,3
08/06/2014;45163;22,3;18,2
07/06/2014;47839;21,7;18,1
06/06/2014;54461;20,1;18
05/06/2014;54610;15,3;17,9
04/06/2014;55909;14,7;17,8
03/06/2014;54518;16,6;17,7
02/06/2014;53708;16,3;17,6
01/06/2014;45707;15,7;17,5
31/05/2014;47305;16;17,4
30/05/2014;50887;16;17,3
29/05/2014;47880;15;17,2
28/05/2014;56618;13,8;17,1
27/05/2014;56683;13,6;17
26/05/2014;55448;14;16,9
25/05/2014;46607;14,2;16,8
24/05/2014;49286;13,2;16,7
23/05/2014;54872;13,8;16,6
22/05/2014;55219;15,6;16,5
21/05/2014;56190;16,3;16,3
20/05/2014;54768;16,4;16,2
19/05/2014;53782;17,6;16,1
18/05/2014;45847;16,9;16
17/05/2014;48605;15,6;15,9
16/05/2014;55735;13,7;15,8
15/05/2014;56556;12,8;15,7
14/05/2014;57587;12,4;15,5
13/05/2014;57985;11,1;15,4
12/05/2014;56850;11,5;15,3
11/05/2014;48550;13;15,2
10/05/2014;49839;14,9;15,1
09/05/2014;52514;15,8;15
08/05/2014;48934;14,3;14,8
07/05/2014;56552;14,5;14,7
06/05/2014;55602;15,2;14,6
05/05/2014;54990;14,5;14,5
04/05/2014;49117;11,6;14,3
03/05/2014;51472;11,2;14,2
02/05/2014;55128;12,4;14,1
01/05/2014;49081;12,8;14
30/04/2014;58440;12,6;13,8
29/04/2014;59207;11,9;13,7
28/04/2014;59104;11,6;13,6
27/04/2014;51112;11,2;13,4
26/04/2014;51980;11,9;13,3
25/04/2014;58094;13,1;13,2
24/04/2014;57228;14,2;13,1
23/04/2014;57770;13,8;12,9
22/04/2014;58492;12,9;12,8
21/04/2014;50908;11,8;12,7
20/04/2014;50658;10,7;12,5
19/04/2014;52948;9,8;12,4
18/04/2014;57674;11,9;12,3
17/04/2014;58955;12,5;12,1
16/04/2014;59803;11,2;12
15/04/2014;58620;11,2;11,9
14/04/2014;57092;12,6;11,7
13/04/2014;49355;12,9;11,6
12/04/2014;50726;13;11,5
11/04/2014;57880;13,1;11,4
10/04/2014;59255;12,7;11,2
09/04/2014;60730;11,2;11,1
08/04/2014;58672;11,7;11
07/04/2014;56194;15,6;10,8
06/04/2014;48954;14,8;10,7
05/04/2014;53042;13;10,6
04/04/2014;60464;12,7;10,5
03/04/2014;59925;14;10,3
02/04/2014;58950;14,6;10,2
01/04/2014;60073;13,7;10,1
31/03/2014;60430;13,1;10
30/03/2014;52718;13,4;9,9
29/03/2014;57209;12,5;9,8
28/03/2014;67987;9,3;9,7
27/03/2014;68176;6,8;9,5
26/03/2014;68976;7,1;9,4
25/03/2014;69212;6,9;9,3
24/03/2014;68546;6,5;9,2
23/03/2014;60842;6,5;9,1
22/03/2014;59757;8,9;9
21/03/2014;61477;11,5;8,9
20/03/2014;62476;12,1;8,8
19/03/2014;63396;11,3;8,7
18/03/2014;65628;10,5;8,6
17/03/2014;62914;10,4;8,5
16/03/2014;54471;11,3;8,4
15/03/2014;57683;10;8,3
14/03/2014;64136;10,6;8,3
13/03/2014;65204;10,3;8,2
12/03/2014;65262;10,3;8,1
11/03/2014;65879;10,1;8
10/03/2014;64157;11;7,9
09/03/2014;55484;11,8;7,8
08/03/2014;60166;10,4;7,8
07/03/2014;70911;8,4;7,7
06/03/2014;72247;8;7,6
05/03/2014;71556;7,6;7,5
04/03/2014;73716;6,8;7,5
03/03/2014;76181;6,3;7,4
02/03/2014;65611;6;7,3
01/03/2014;68143;5,8;7,2
28/02/2014;75246;6,2;7,2
27/02/2014;75809;6,5;7,1
26/02/2014;72767;6,8;7
25/02/2014;73065;8,6;7
24/02/2014;69547;9,3;6,9
23/02/2014;61750;8,4;6,8
22/02/2014;65702;7,1;6,8
21/02/2014;72297;7,5;6,7
20/02/2014;72594;9,5;6,7
19/02/2014;74050;8,8;6,6
18/02/2014;75039;7,5;6,5
17/02/2014;72631;7;6,5
16/02/2014;65110;7,3;6,4
15/02/2014;66690;9,6;6,4
14/02/2014;76155;8,3;6,3
13/02/2014;79517;7,2;6,3
12/02/2014;79413;6,6;6,2
11/02/2014;79066;5,9;6,1
10/02/2014;77015;6,6;6,1
09/02/2014;69004;6,4;6
08/02/2014;70094;7,1;6
07/02/2014;74145;9,1;5,9
06/02/2014;77844;8,1;5,9
05/02/2014;80189;7,4;5,8
04/02/2014;78518;6,5;5,8
03/02/2014;78735;4,8;5,7
02/02/2014;69703;5,1;5,6
01/02/2014;71680;6,3;5,6
31/01/2014;80442;4,6;5,5
30/01/2014;80500;4,8;5,5
29/01/2014;82223;4,6;5,4
28/01/2014;82028;4,8;5,4
27/01/2014;80985;5,6;5,3
26/01/2014;67402;7,8;5,3
25/01/2014;69681;6,2;5,2
24/01/2014;78202;6,2;5,2
23/01/2014;80516;6,2;5,1
22/01/2014;81574;4,3;5,1
21/01/2014;81156;4,4;5,1
20/01/2014;79323;5,4;5
19/01/2014;66472;6,7;5
18/01/2014;67722;7,1;4,9
17/01/2014;74898;7,7;4,9
16/01/2014;77589;8,2;4,9
15/01/2014;78999;6,2;4,8
14/01/2014;78418;5,7;4,8
13/01/2014;76205;7,7;4,8
12/01/2014;66000;6,6;4,7
11/01/2014;66059;7,4;4,7
10/01/2014;72973;6,9;4,7
09/01/2014;73353;9,9;4,7
08/01/2014;71298;10,5;4,6
07/01/2014;72012;10,8;4,6
06/01/2014;73416;10,2;4,6
05/01/2014;65817;7,2;4,6
04/01/2014;65433;9;4,6
03/01/2014;69244;9,9;4,6
02/01/2014;69236;9,6;4,6
01/01/2014;63488;8,2;4,6
31/12/2013;69061;6,4;4,6
30/12/2013;73006;4,9;4,6
29/12/2013;65638;5,8;4,6
28/12/2013;66224;7,8;4,7
27/12/2013;67502;8,3;4,7
26/12/2013;68900;6,1;4,7
25/12/2013;59099;8,4;4,7
24/12/2013;65593;10,9;4,8
23/12/2013;68570;9,5;4,8
22/12/2013;64723;9;4,8
21/12/2013;70166;6;4,9
20/12/2013;75717;6,1;4,9
19/12/2013;76692;8,2;5
18/12/2013;76393;8,4;5
17/12/2013;77812;7,2;5,1
16/12/2013;77902;7;5,2
15/12/2013;70376;6,3;5,2
14/12/2013;72860;5,9;5,3
13/12/2013;82007;3,7;5,4
12/12/2013;83880;3,2;5,4
11/12/2013;82999;3,1;5,5
10/12/2013;84211;2,7;5,6
09/12/2013;83667;2,9;5,7
08/12/2013;71159;4,2;5,8
07/12/2013;71693;4,6;5,9
06/12/2013;79065;6,1;6
05/12/2013;82719;5,4;6,1
04/12/2013;83191;4,4;6,2
03/12/2013;82472;3,2;6,3
02/12/2013;81601;5,1;6,4
01/12/2013;71192;4,6;6,5
30/11/2013;72618;5,8;6,7
29/11/2013;80538;5,1;6,8
28/11/2013;84904;2,3;6,9
27/11/2013;82905;3,3;7
26/11/2013;81173;4,5;7,1
25/11/2013;80557;5,6;7,3
24/11/2013;69341;6;7,4
23/11/2013;73547;5;7,5
22/11/2013;82483;3,6;7,7
21/11/2013;82708;3,9;7,8
20/11/2013;83462;3,8;7,9
19/11/2013;79552;6;8,1
18/11/2013;77419;6,3;8,2
17/11/2013;65708;5,9;8,4
16/11/2013;68341;5,2;8,5
15/11/2013;74772;6,6;8,7
14/11/2013;75216;7,3;8,8
13/11/2013;72282;8,6;8,9
12/11/2013;71017;9;9,1
11/11/2013;62401;7,5;9,2
10/11/2013;57021;9,7;9,4
09/11/2013;59347;9,9;9,5
08/11/2013;64023;12,3;9,7
07/11/2013;64595;14,4;9,8
06/11/2013;65736;14,4;10
05/11/2013;69653;10,1;10,1
04/11/2013;67749;10,8;10,3
03/11/2013;55488;11,2;10,4
02/11/2013;54588;14,2;10,6
01/11/2013;56328;10,7;10,7
31/10/2013;63204;9,5;10,9
30/10/2013;63640;9,6;11
29/10/2013;62570;11,3;11,1
28/10/2013;59739;15,1;11,3
27/10/2013;48918;15,8;11,4
26/10/2013;49843;17,5;11,6
25/10/2013;56862;17,2;11,7
24/10/2013;58265;14,9;11,9
23/10/2013;57807;16,9;12
22/10/2013;58119;18,1;12,1
21/10/2013;57791;16,6;12,3
20/10/2013;49336;16;12,4
19/10/2013;51735;15,7;12,6
18/10/2013;59206;13,4;12,7
17/10/2013;59727;14,6;12,8
16/10/2013;61663;14,3;13
15/10/2013;61575;13,6;13,1
14/10/2013;61856;13;13,2
13/10/2013;54042;9,8;13,4
12/10/2013;55156;8,9;13,5
11/10/2013;59810;9,2;13,6
10/10/2013;59269;11,3;13,8
09/10/2013;56815;15;13,9
08/10/2013;55930;15,1;14
07/10/2013;55122;15,1;14,2
06/10/2013;47070;15,2;14,3
05/10/2013;48474;16,3;14,4
04/10/2013;55451;18,1;14,6
03/10/2013;55409;18,8;14,7
02/10/2013;55641;17,8;14,8
01/10/2013;55379;16,9;15
30/09/2013;54125;16,7;15,1
29/09/2013;46035;17,2;15,2
28/09/2013;48276;18,9;15,3
27/09/2013;54299;19,5;15,5
26/09/2013;55133;19,4;15,6
25/09/2013;55195;18,5;15,7
24/09/2013;54388;17,8;15,9
23/09/2013;53875;17,9;16
22/09/2013;45555;17,4;16,1
21/09/2013;48266;15,9;16,3
20/09/2013;55068;16,2;16,4
19/09/2013;55925;14,7;16,5
18/09/2013;56533;16,4;16,6
17/09/2013;56182;13,8;16,8
16/09/2013;54552;14,1;16,9
15/09/2013;45283;14,9;17
14/09/2013;48975;16,2;17,2
13/09/2013;55327;16,6;17,3
12/09/2013;55503;15,1;17,4
11/09/2013;55403;14,4;17,5
10/09/2013;53933;15,8;17,7
09/09/2013;53445;15,8;17,8
08/09/2013;43994;16,3;17,9
07/09/2013;47634;16,9;18
06/09/2013;54962;19,3;18,2
05/09/2013;55824;22,6;18,3
04/09/2013;55871;22,1;18,4
03/09/2013;54723;19,7;18,5
02/09/2013;53166;18,1;18,7
01/09/2013;44771;17,8;18,8
31/08/2013;47356;19,1;18,9
30/08/2013;53892;19,1;19
29/08/2013;54033;18,6;19,1
28/08/2013;53626;18,7;19,2
27/08/2013;53194;18,2;19,3
26/08/2013;51795;17,8;19,4
25/08/2013;43584;16,3;19,5
24/08/2013;46278;19,3;19,6
23/08/2013;51588;22;19,8
22/08/2013;51155;21,5;19,8
21/08/2013;50437;20,2;19,9
20/08/2013;50085;19,2;20
19/08/2013;49741;19,8;20,1
18/08/2013;43729;21,4;20,2
17/08/2013;44447;21,5;20,3
16/08/2013;47510;21,2;20,4
15/08/2013;43843;20,4;20,4
14/08/2013;48310;18,9;20,5
13/08/2013;48122;18,8;20,6
12/08/2013;48077;20,2;20,7
11/08/2013;43275;19,8;20,7
10/08/2013;43891;19,3;20,8
09/08/2013;48461;19,6;20,8
08/08/2013;48423;19;20,9
07/08/2013;49275;19,1;20,9
06/08/2013;50333;20,9;21
05/08/2013;50894;22,7;21
04/08/2013;45259;22,1;21,1
03/08/2013;46082;22,1;21,1
02/08/2013;53659;25,1;21,1
01/08/2013;54575;25,7;21,2
31/07/2013;53052;22,8;21,2
30/07/2013;52402;20,6;21,2
29/07/2013;51735;20,1;21,2
28/07/2013;45320;21,6;21,2
27/07/2013;48627;24;21,2
26/07/2013;56081;24,6;21,2
25/07/2013;57091;24,2;21,2
24/07/2013;56620;23;21,2
23/07/2013;57316;23,7;21,2
22/07/2013;56871;25,9;21,2
21/07/2013;48051;25,3;21,2
20/07/2013;48794;24;21,2
19/07/2013;55976;23,1;21,2
18/07/2013;56564;22,6;21,1
17/07/2013;56868;23,1;21,1
16/07/2013;56474;23,1;21,1
15/07/2013;55596;23,3;21
14/07/2013;46353;22,3;21
13/07/2013;48624;20,8;20,9
12/07/2013;55639;20,4;20,9
11/07/2013;55955;20;20,8
10/07/2013;57049;22,3;20,8
09/07/2013;56935;23,1;20,7
08/07/2013;56014;23,3;20,7
07/07/2013;47081;23,3;20,6
06/07/2013;48673;21,8;20,6
05/07/2013;55292;20,3;20,5
04/07/2013;55589;18,2;20,4
03/07/2013;56172;17,5;20,4
02/07/2013;55292;19,3;20,3
01/07/2013;54188;18,8;20,2
30/06/2013;46145;18,2;20,1
29/06/2013;48925;16,7;20,1
28/06/2013;54882;15,7;20
27/06/2013;55076;15,9;19,9
26/06/2013;54886;15,9;19,8
25/06/2013;54817;15;19,7
24/06/2013;54346;14,6;19,7
23/06/2013;45759;16;19,6
22/06/2013;48263;17,2;19,5
21/06/2013;55048;16,8;19,4
20/06/2013;55940;17,9;19,3
19/06/2013;56481;20,2;19,2
18/06/2013;56361;21,4;19,1
17/06/2013;55099;20,8;19,1
16/06/2013;45938;19,2;19
15/06/2013;48005;17,5;18,9
14/06/2013;54369;16,3;18,8
13/06/2013;55613;17,1;18,7
12/06/2013;55633;19,2;18,6
11/06/2013;54830;17;18,5
10/06/2013;54445;15,4;18,4
09/06/2013;45653;14,9;18,3
08/06/2013;48098;17,8;18,2
07/06/2013;54740;20,2;18,1
06/06/2013;55003;19,5;18
05/06/2013;55150;17,2;17,9
04/06/2013;55380;14,5;17,8
03/06/2013;55476;13,9;17,7
02/06/2013;48628;14,4;17,6
01/06/2013;52553;14,8;17,5
31/05/2013;60218;13,1;17,4
30/05/2013;61638;11,7;17,3
29/05/2013;60895;10,6;17,2
28/05/2013;59492;11,8;17,1
27/05/2013;57357;13;17
26/05/2013;53780;10,9;16,9
25/05/2013;57629;9,6;16,8
24/05/2013;63154;7,9;16,7
23/05/2013;60771;10,4;16,6
22/05/2013;61153;12,3;16,5
21/05/2013;61779;11,9;16,3
20/05/2013;53650;11,2;16,2
19/05/2013;51233;11,3;16,1
18/05/2013;53197;11,4;16
17/05/2013;58820;11,3;15,9
16/05/2013;59943;10,5;15,8
15/05/2013;58709;11,9;15,7
14/05/2013;57633;13,1;15,5
13/05/2013;57307;13,1;15,4
12/05/2013;48786;12,1;15,3
11/05/2013;49176;12,8;15,2
10/05/2013;51673;12,6;15,1
09/05/2013;47349;14,2;15
08/05/2013;48755;15,7;14,8
07/05/2013;54397;15,9;14,7
06/05/2013;54713;14,8;14,6
05/05/2013;49544;14,1;14,5
04/05/2013;52797;12,9;14,3
03/05/2013;59077;12,6;14,2
02/05/2013;59742;12,4;14,1
01/05/2013;55052;11,9;14
30/04/2013;63625;10,9;13,8
29/04/2013;63075;9,6;13,7
28/04/2013;54959;7,8;13,6
27/04/2013;55414;7,9;13,4
26/04/2013;57501;13;13,3
25/04/2013;55613;17,2;13,2
24/04/2013;57963;14,8;13,1
23/04/2013;60122;12,2;12,9
22/04/2013;60135;10,6;12,8
21/04/2013;53672;9,6;12,7
20/04/2013;54780;8,8;12,5
19/04/2013;58376;10,3;12,4
18/04/2013;56264;14,3;12,3
17/04/2013;56383;17,3;12,1
16/04/2013;57184;15,1;12
15/04/2013;57055;15,4;11,9
14/04/2013;54064;16,5;11,7
13/04/2013;59070;11,9;11,6
12/04/2013;65479;11,2;11,5
11/04/2013;65885;12,1;11,4
10/04/2013;69245;10,8;11,2
09/04/2013;71479;9,1;11,1
08/04/2013;72343;7,7;11
07/04/2013;66600;6,6;10,8
06/04/2013;69068;5,5;10,7
05/04/2013;75622;5,7;10,6
04/04/2013;75218;6,1;10,5
03/04/2013;75218;6,4;10,3
02/04/2013;75754;6,6;10,2
01/04/2013;65691;5,4;10,1
31/03/2013;66882;4,8;10
30/03/2013;68601;5,8;9,9
29/03/2013;74814;5,3;9,8
28/03/2013;74773;5,2;9,7
27/03/2013;75120;5,3;9,5
26/03/2013;74350;5,5;9,4
25/03/2013;73428;6,4;9,3
24/03/2013;64570;7,3;9,2
23/03/2013;62495;9,2;9,1
22/03/2013;70990;9,6;9
21/03/2013;74325;7,3;8,9
20/03/2013;75025;6,9;8,8
19/03/2013;76269;6,5;8,7
18/03/2013;78569;5,4;8,6
17/03/2013;69046;6,4;8,5
16/03/2013;74143;5,1;8,4
15/03/2013;83569;2,6;8,3
14/03/2013;82858;1,9;8,3
13/03/2013;84855;1;8,2
12/03/2013;81594;2,9;8,1
11/03/2013;76653;6;8
10/03/2013;62052;8,3;7,9
09/03/2013;60686;10,4;7,8
08/03/2013;66700;11,3;7,8
07/03/2013;68946;11,3;7,7
06/03/2013;71648;10,6;7,6
05/03/2013;73382;10,1;7,5
04/03/2013;78389;6,9;7,5
03/03/2013;72955;3,9;7,4
02/03/2013;76059;3,4;7,3
01/03/2013;82928;3,5;7,2
28/02/2013;82954;3,1;7,2
27/02/2013;84703;2,6;7,1
26/02/2013;86151;1,7;7
25/02/2013;87960;0,9;7
24/02/2013;82675;-0,4;6,9
23/02/2013;85429;-1,6;6,8
22/02/2013;86015;-0,5;6,8
21/02/2013;86145;1,6;6,7
20/02/2013;80821;4,1;6,7
19/02/2013;82076;3,9;6,6
18/02/2013;78308;4;6,5
17/02/2013;70911;3,5;6,5
16/02/2013;71439;4,5;6,4
15/02/2013;79348;5,8;6,4
14/02/2013;83189;3,6;6,3
13/02/2013;85989;2,1;6,3
12/02/2013;85889;2,7;6,2
11/02/2013;83338;3,7;6,1
10/02/2013;77264;2,4;6,1
09/02/2013;78441;1,9;6
08/02/2013;82612;2,6;6
07/02/2013;86379;3,4;5,9
06/02/2013;84826;4,4;5,9
05/02/2013;82253;6,2;5,8
04/02/2013;78525;8;5,8
03/02/2013;72906;3,6;5,7
02/02/2013;72965;5,5;5,6
01/02/2013;73379;9,3;5,6
31/01/2013;74743;9,2;5,5
30/01/2013;74543;10,9;5,5
29/01/2013;78514;9,1;5,4
28/01/2013;81536;6,5;5,4
27/01/2013;74236;5,3;5,3
26/01/2013;79849;2,1;5,3
25/01/2013;88391;-0,2;5,2
24/01/2013;87811;1,8;5,2
23/01/2013;86541;2,7;5,1
22/01/2013;87230;3,1;5,1
21/01/2013;87635;2,5;5,1
20/01/2013;79945;1,4;5
19/01/2013;82765;1,3;5
18/01/2013;92141;-1,5;4,9
17/01/2013;92597;-1,9;4,9
16/01/2013;89570;0,1;4,9
15/01/2013;87682;2,2;4,8
14/01/2013;87280;1,7;4,8
13/01/2013;72673;3,6;4,8
12/01/2013;72044;4,3;4,7
11/01/2013;77241;6;4,7
10/01/2013;79623;6,3;4,7
09/01/2013;81975;4,1;4,7
08/01/2013;81341;4,5;4,6
07/01/2013;78770;5,9;4,6
06/01/2013;66487;6,7;4,6
05/01/2013;67332;7,5;4,6
04/01/2013;72426;8,1;4,6
03/01/2013;74569;7,1;4,6
02/01/2013;74471;5,6;4,6
01/01/2013;61731;7,3;4,6
31/12/2012;64378;7,9;4,7
30/12/2012;62263;8,1;4,6
29/12/2012;62377;9,1;4,6
28/12/2012;66133;9,2;4,7
27/12/2012;67871;9,5;4,7
26/12/2012;66241;9,1;4,7
25/12/2012;56950;10,3;4,7
24/12/2012;61199;10,1;4,8
23/12/2012;59523;11,4;4,8
22/12/2012;66498;8,8;4,8
21/12/2012;72579;7,5;4,9
20/12/2012;76980;7,4;4,9
19/12/2012;77324;6,4;5
18/12/2012;76857;7,5;5
17/12/2012;77335;8;5,1
16/12/2012;66575;8,8;5,2
15/12/2012;68990;9,3;5,2
14/12/2012;80451;8,2;5,3
13/12/2012;86526;2,3;5,4
12/12/2012;90668;-1,2;5,4
11/12/2012;88136;1,8;5,5
10/12/2012;84825;4,5;5,6
09/12/2012;74544;3,2;5,7
08/12/2012;76840;3,5;5,8
07/12/2012;84115;3;5,9
06/12/2012;86471;2,4;6
05/12/2012;83972;4,3;6,1
04/12/2012;81887;6,3;6,2
03/12/2012;80492;6,3;6,3
02/12/2012;72410;3,6;6,4
01/12/2012;74824;1,9;6,5
30/11/2012;79430;2,8;6,7
29/11/2012;80550;5,3;6,8
28/11/2012;78469;6,7;6,9
27/11/2012;75171;7,4;7
26/11/2012;72061;10,3;7,1
25/11/2012;59643;11,2;7,3
24/11/2012;62516;10,6;7,4
23/11/2012;71160;9;7,5
22/11/2012;74113;8;7,7
21/11/2012;73980;8,7;7,8
20/11/2012;73127;8,6;7,9
19/11/2012;72019;8,8;8,1
18/11/2012;61125;9,3;8,2
17/11/2012;63265;9,2;8,4
16/11/2012;72514;7,1;8,5
15/11/2012;74505;6,9;8,7
14/11/2012;75287;7;8,8
13/11/2012;73802;7,4;8,9
12/11/2012;73791;7,1;9,1
11/11/2012;61163;8,2;9,2
10/11/2012;61341;11,3;9,4
09/11/2012;69955;8,3;9,5
08/11/2012;72286;8,1;9,7
07/11/2012;72540;7,9;9,8
06/11/2012;72574;7,6;10
05/11/2012;70457;9,1;10,1
04/11/2012;57908;10,3;10,3
03/11/2012;59830;10,8;10,4
02/11/2012;65454;9,4;10,6
01/11/2012;61456;9;10,7
31/10/2012;69364;7,7;10,9
30/10/2012;71212;7,2;11
29/10/2012;72011;6,2;11,1
28/10/2012;61427;4,9;11,3
27/10/2012;61334;6,6;11,4
26/10/2012;61942;11,9;11,6
25/10/2012;61321;12,7;11,7
24/10/2012;61107;13,2;11,9
23/10/2012;59453;14,9;12
22/10/2012;58734;16,4;12,1
21/10/2012;50012;16,5;12,3
20/10/2012;53079;15,4;12,4
19/10/2012;58847;16,1;12,6
18/10/2012;61056;16,3;12,7
17/10/2012;62495;14,4;12,8
16/10/2012;63218;11,2;13
15/10/2012;62373;9,9;13,1
14/10/2012;53227;10,3;13,2
13/10/2012;52541;11,1;13,4
12/10/2012;57010;13,7;13,5
11/10/2012;58126;15,6;13,6
10/10/2012;58563;15,8;13,8
09/10/2012;57742;17;13,9
08/10/2012;58156;15,9;14
07/10/2012;48968;15,8;14,2
06/10/2012;50040;16,6;14,3
05/10/2012;56076;16,8;14,4
04/10/2012;57680;15,3;14,6
03/10/2012;57825;15,3;14,7
02/10/2012;56881;14,9;14,8
01/10/2012;56578;13,7;15
30/09/2012;47995;12,6;15,1
29/09/2012;50564;13,5;15,2
28/09/2012;55586;13,8;15,3
27/09/2012;57153;13,8;15,5
26/09/2012;58352;14;15,6
25/09/2012;56942;14,9;15,7
24/09/2012;55382;17,3;15,9
23/09/2012;46607;17,9;16
22/09/2012;49690;15,8;16,1
21/09/2012;55463;14,5;16,3
20/09/2012;54982;13,4;16,4
19/09/2012;54778;14,1;16,5
18/09/2012;55265;16,2;16,6
17/09/2012;53859;17,5;16,8
16/09/2012;44499;16,6;16,9
15/09/2012;47866;16,5;17
14/09/2012;54235;15;17,2
13/09/2012;55088;15,1;17,3
12/09/2012;56376;15,4;17,4
11/09/2012;56441;18,8;17,5
10/09/2012;54751;20,8;17,7
09/09/2012;44985;20,9;17,8
08/09/2012;48176;20,1;17,9
07/09/2012;54645;18,8;18
06/09/2012;54991;18,5;18,2
05/09/2012;55725;19,4;18,3
04/09/2012;55266;19,1;18,4
03/09/2012;54477;17,7;18,5
02/09/2012;44813;16,8;18,7
01/09/2012;47102;14,7;18,8
31/08/2012;53365;15,2;18,9
30/08/2012;55046;17,8;19
29/08/2012;55301;20,2;19,1
28/08/2012;54332;20,8;19,2
27/08/2012;52358;20,5;19,3
26/08/2012;43983;18,6;19,4
25/08/2012;47140;20,1;19,5
24/08/2012;52995;20,6;19,6
23/08/2012;52982;21,1;19,8
22/08/2012;53006;21,4;19,8
21/08/2012;54275;24,2;19,9
20/08/2012;52983;24,6;20
19/08/2012;45766;26,2;20,1
18/08/2012;46380;26,3;20,2
17/08/2012;49998;24,2;20,3
16/08/2012;48721;21;20,4
15/08/2012;44245;22,5;20,4
14/08/2012;49453;21,9;20,5
13/08/2012;48729;21;20,6
12/08/2012;43638;21,1;20,7
11/08/2012;44897;22;20,7
10/08/2012;49357;22,8;20,8
09/08/2012;49388;22,3;20,8
08/08/2012;48545;20,5;20,9
07/08/2012;48160;18,8;20,9
06/08/2012;48332;18,3;21
05/08/2012;43202;18,8;21
04/08/2012;45754;20,2;21,1
03/08/2012;51133;20,2;21,1
02/08/2012;52209;20,8;21,1
01/08/2012;52856;21,6;21,2
31/07/2012;52015;20,4;21,2
30/07/2012;51331;18;21,2
29/07/2012;45133;18,2;21,2
28/07/2012;47523;20,5;21,2
27/07/2012;55152;23,6;21,2
26/07/2012;56613;25,1;21,2
25/07/2012;55907;24,1;21,2
24/07/2012;54956;22,2;21,2
23/07/2012;53474;20,3;21,2
22/07/2012;46283;18,7;21,2
21/07/2012;47816;17,8;21,2
20/07/2012;55219;17,8;21,2
19/07/2012;55866;19,2;21,2
18/07/2012;56065;21,5;21,1
17/07/2012;55141;19,9;21,1
16/07/2012;54078;17,4;21,1
15/07/2012;46007;16,5;21
14/07/2012;47833;17,5;21
13/07/2012;55855;17,5;20,9
12/07/2012;55679;17,2;20,9
11/07/2012;55890;17,7;20,8
10/07/2012;56077;18,5;20,8
09/07/2012;55061;19,3;20,7
08/07/2012;46007;18,9;20,7
07/07/2012;48185;19;20,6
06/07/2012;54967;18;20,6
05/07/2012;56536;18,6;20,5
04/07/2012;56761;20,6;20,4
03/07/2012;55437;19,6;20,4
02/07/2012;54582;17,5;20,3
01/07/2012;45930;17;20,2
30/06/2012;48930;20,2;20,1
29/06/2012;56111;20,9;20,1
28/06/2012;57442;24;20
27/06/2012;56994;23;19,9
26/06/2012;56701;20,4;19,8
25/06/2012;55078;18,7;19,7
24/06/2012;46335;17,8;19,7
23/06/2012;47680;17,8;19,6
22/06/2012;54441;17,7;19,5
21/06/2012;56137;19,7;19,4
20/06/2012;55931;19,9;19,3
19/06/2012;55868;17,9;19,2
18/06/2012;54871;18,2;19,1
17/06/2012;46288;18,3;19,1
16/06/2012;48745;18,2;19
15/06/2012;54749;18,4;18,9
14/06/2012;54540;16,5;18,8
13/06/2012;56473;14,3;18,7
12/06/2012;55871;14,2;18,6
11/06/2012;55009;15,6;18,5
10/06/2012;45893;15,3;18,4
09/06/2012;48043;15,1;18,3
08/06/2012;54771;16,6;18,2
07/06/2012;55874;18,3;18,1
06/06/2012;55968;17;18
05/06/2012;54862;15,2;17,9
04/06/2012;54150;15,1;17,8
03/06/2012;45163;17,3;17,7
02/06/2012;48255;20,7;17,6
01/06/2012;54762;19,3;17,5
31/05/2012;54237;18,5;17,4
30/05/2012;54666;19,2;17,3
29/05/2012;53647;19,6;17,2
28/05/2012;46458;18,8;17,1
27/05/2012;45289;18,5;17
26/05/2012;48337;19,8;16,9
25/05/2012;54100;21,7;16,8
24/05/2012;55052;19,8;16,7
23/05/2012;56939;17;16,6
22/05/2012;59451;14,3;16,5
21/05/2012;59863;12,4;16,3
20/05/2012;48841;14,3;16,2
19/05/2012;49137;14,4;16,1
18/05/2012;53563;14,2;16
17/05/2012;52416;12,6;15,9
16/05/2012;57556;10,6;15,8
15/05/2012;56666;11,1;15,7
14/05/2012;54156;13,2;15,5
13/05/2012;47936;12,7;15,4
12/05/2012;49684;14,6;15,3
11/05/2012;55219;18,6;15,2
10/05/2012;55489;20,4;15,1
09/05/2012;57155;17,3;15
08/05/2012;49880;14,8;14,8
07/05/2012;53113;13,2;14,7
06/05/2012;50639;11,9;14,6
05/05/2012;51927;12,4;14,5
04/05/2012;57176;13,8;14,3
03/05/2012;57566;14,1;14,2
02/05/2012;58290;12,7;14,1
01/05/2012;52007;12,8;14
30/04/2012;55515;12,3;13,8
29/04/2012;52916;13,7;13,7
28/04/2012;55235;14,1;13,6
27/04/2012;62241;12,7;13,4
26/04/2012;63838;12,6;13,3
25/04/2012;67208;10,4;13,2
24/04/2012;67017;9,3;13,1
23/04/2012;65607;8,8;12,9
22/04/2012;57071;9,2;12,8
21/04/2012;59687;9,7;12,7
20/04/2012;66660;9,2;12,5
19/04/2012;67016;9,1;12,4
18/04/2012;68482;8,9;12,3
17/04/2012;70018;7,5;12,1
16/04/2012;68244;7;12
15/04/2012;59252;7,8;11,9
14/04/2012;58398;8,8;11,7
13/04/2012;64986;9,1;11,6
12/04/2012;65382;9,1;11,5
11/04/2012;65647;11,3;11,4
10/04/2012;64866;10;11,2
09/04/2012;55548;10,4;11,1
08/04/2012;55713;8,8;11
07/04/2012;56916;9,5;10,8
06/04/2012;63608;10,1;10,7
05/04/2012;64331;10,2;10,6
04/04/2012;63396;9,6;10,5
03/04/2012;61523;10,8;10,3
02/04/2012;61395;10,6;10,2
01/04/2012;52392;9,8;10,1
31/03/2012;51909;11,5;10
30/03/2012;57508;13,4;9,9
29/03/2012;57993;14;9,8
28/03/2012;58600;14,1;9,7
27/03/2012;59038;14,1;9,5
26/03/2012;58428;14,4;9,4
25/03/2012;51340;13,8;9,3
24/03/2012;55081;13,6;9,2
23/03/2012;62664;12,9;9,1
22/03/2012;64594;12,6;9
21/03/2012;68392;10,2;8,9
20/03/2012;70762;7,6;8,8
19/03/2012;69339;7,2;8,7
18/03/2012;61223;7,9;8,6
17/03/2012;59212;10,7;8,5
16/03/2012;62908;12,4;8,4
15/03/2012;65333;11,7;8,3
14/03/2012;65697;10,6;8,3
13/03/2012;66743;10,8;8,2
12/03/2012;68180;10,4;8,1
11/03/2012;61331;9,7;8
10/03/2012;65575;8,5;7,9
09/03/2012;74976;6,8;7,8
08/03/2012;74495;6,7;7,8
07/03/2012;76835;5,2;7,7
06/03/2012;76632;5,1;7,6
05/03/2012;76048;5,9;7,5
04/03/2012;63114;8,8;7,5
03/03/2012;62317;9,2;7,4
02/03/2012;68025;9,5;7,3
01/03/2012;69655;9;7,2
29/02/2012;70950;9,1;7,2
28/02/2012;72885;7,9;7,2
27/02/2012;73185;6,5;7,1
26/02/2012;63649;8,2;7
25/02/2012;65173;9,1;7
24/02/2012;73249;9,3;6,9
23/02/2012;77203;7,3;6,8
22/02/2012;81440;3,8;6,8
21/02/2012;82474;2,9;6,7
20/02/2012;80993;2,7;6,7
19/02/2012;71684;4,9;6,6
18/02/2012;71561;6,4;6,5
17/02/2012;80168;6;6,5
16/02/2012;82548;6;6,4
15/02/2012;85944;5;6,4
14/02/2012;89202;3,1;6,3
13/02/2012;93773;0,1;6,3
12/02/2012;91126;-4,2;6,2
11/02/2012;94041;-4,8;6,1
10/02/2012;96785;-2,9;6,1
09/02/2012;99668;-3,8;6
08/02/2012;102098;-4,9;6
07/02/2012;100655;-4,7;5,9
06/02/2012;96334;-3,3;5,9
05/02/2012;90168;-4,4;5,8
04/02/2012;91226;-4,4;5,8
03/02/2012;95880;-4,6;5,7
02/02/2012;96020;-3,5;5,6
01/02/2012;94593;-1,5;5,6
31/01/2012;89790;0,6;5,5
30/01/2012;87828;1,4;5,5
29/01/2012;74284;2,6;5,4
28/01/2012;72361;4,1;5,4
27/01/2012;76756;5,4;5,3
26/01/2012;77892;7,2;5,3
25/01/2012;76707;8;5,2
24/01/2012;78627;7,2;5,2
23/01/2012;76619;7,9;5,1
22/01/2012;64704;9,4;5,1
21/01/2012;67310;9,7;5,1
20/01/2012;77123;8,5;5
19/01/2012;80046;8,4;5
18/01/2012;86206;3,3;4,9
17/01/2012;86628;1;4,9
16/01/2012;85551;1,4;4,9
15/01/2012;75845;1,1;4,8
14/01/2012;74792;2,4;4,8
13/01/2012;78803;5,3;4,8
12/01/2012;80451;5,1;4,7
11/01/2012;78097;6,5;4,7
10/01/2012;77204;7,4;4,7
09/01/2012;77289;7,8;4,7
08/01/2012;66678;7,9;4,6
07/01/2012;68712;7,5;4,6
06/01/2012;77712;6,8;4,6
05/01/2012;78491;9,2;4,6
04/01/2012;78387;8,1;4,6
03/01/2012;76730;8,4;4,6
02/01/2012;73329;8,4;4,6
01/01/2012;58414;11,7;4,6
